,TOTAL:,Site number,SampleDateStart,SamplingDurationDays,textdate,Aenigmatias,Anevrina,Apocephalus aquilonius,Apocephalus grandipalpis group,Beckerina brown (sp2),Beckerina yellow (sp1),Chonocephalus bentacaisei,Conicera aldrichi,Conicera similis,Conicera tibialis,Diplonevra,Dohrniphora cornuta,Gymnophora,M. agarici,M. albicaudata,M. arizonensis,M. armstrongorum,M. atrox,M. barberi,M. basispinata,M. berndseni,big yellow bernd,M. bradyi,M. brejchaorum,M. carthayensis,M. cavifemur,M. ciancii,M. creasoni,M. cup,M. dark volcano,M. defibaughorum,M. donahuei,M. francoae,M. fujiokai,M. fuzzball2,M. dark/light,M. glabrifrons,M. globipyga,M. halterata,M. hansonix,M. hardingorum,M. heini,M. hentschkeae,M. hirticaudata,M. hoffmanorum,M. hoggorum,M. hoguei,M. ilca,M. isaacmajorum,M. kelleri,M. large cleft,M. largifrontalis,M. lombardorum,M. marquezi,M. mikejohnsoni,M. modesta?,M. nigra,M. nose,M. not-a-nota,M. oxboroughae,M. pisanoi,M. pleuralis,M. renwickorum,M. rodriguezorum,M. ruficornis,M. rufipes,M. sacatelensis,M. scalaris,M. scutellaris,M. seaverorum,M. sidneyae,M. sordida,M. steptoeae,M. stoakesi,M. sulphurizona,M. tecticauda,M. trouble 2,M. trouble 3,M. truncate (none),M. truncate (short),M wiegmanae,Metopina sp.,Metopina group,Microselia sp.,Myriophora alexandiae,Phalacrotophora halictorum,Phora coangustata,Phora cristipes,Phora sp1,Phora sp2,Pseudacteon amuletum,Pseudacteon californiensis,Pseudacteon crawfordi,Pseudacteon long setae,Puliciphora occidentalis,Spiniphora bergenstammi,Triphleba,Trophodeinus arizonensis,Trophodeinus furcatus,Veruanus boreotis,Total
16147,Carthay Site 19,19,6/3/2014,7,"3-10 June, 2014",0,0,0,0,0,5,25,0,0,2,0,0,0,18,3,0,1,0,0,6,0,0,0,0,2,0,0,0,0,0,0,0,1,1,0,0,0,0,5,0,0,0,0,0,0,0,0,0,0,1,0,0,9,6,0,0,73,0,0,7,0,4,0,0,0,2,0,0,0,0,1,0,21,0,33,0,0,0,0,0,20,3,0,0,0,0,0,0,0,0,0,1,0,0,5,1,0,0,0,0,256
16093,Johnson Site 22,22,6/3/2014,7,"3-10 June, 2014",0,0,0,0,0,0,0,0,1,0,0,0,0,0,0,0,0,0,0,0,1,0,0,0,0,0,0,0,0,0,0,0,0,0,0,0,0,0,1,0,0,0,0,0,0,0,0,0,0,0,0,0,5,3,0,0,0,0,0,0,0,0,0,0,0,0,0,0,0,0,0,0,2,0,3,0,1,0,0,0,0,0,0,0,0,0,0,0,0,0,0,0,0,0,0,1,0,0,0,0,18
15812,Carthay Site 19,19,4/1/2014,7,"April 1-8, 2014",0,0,0,0,0,0,0,0,0,1,0,0,0,26,0,0,17,0,0,2,0,0,0,0,2,0,0,6,0,0,0,0,1,0,0,0,0,0,4,0,0,1,0,0,0,0,0,0,0,0,0,0,13,3,2,0,14,0,0,2,0,6,0,0,0,1,0,0,0,0,0,0,1,0,31,0,0,0,0,0,3,1,0,0,0,0,0,0,0,0,0,0,0,0,0,0,0,0,0,0,137
15858,Higgins Site 23,23,4/2/2014,8,"April 2-10, 2014",0,0,0,0,0,0,0,0,25,24,0,0,0,150,1,0,33,0,0,2,4,0,0,0,0,0,0,11,0,0,0,1,7,2,0,0,0,0,31,1,0,0,0,0,0,0,0,0,0,0,0,3,34,11,2,0,70,0,0,23,0,0,0,0,0,9,1,0,0,0,0,0,0,0,15,0,0,0,0,0,4,0,0,0,0,0,0,0,0,0,0,0,0,0,3,0,0,0,0,0,467
15932,Johnson Site 22,22,4/2/2014,6,"April 2-8, 2014",0,0,0,0,0,0,0,0,6,2,0,1,0,6,0,0,4,0,1,0,0,0,0,0,0,0,0,7,0,0,0,0,0,4,0,0,0,0,7,0,0,0,0,0,0,0,0,0,0,0,0,0,21,3,1,0,4,0,0,0,0,1,0,0,0,1,0,0,0,0,0,0,2,0,1,0,0,0,0,0,0,0,0,0,0,0,0,0,0,0,0,0,0,0,0,0,0,0,0,0,72
15980,Hein Site 16,16,4/2/2014,7,"April 2-9, 2014",0,0,0,0,0,0,17,0,54,13,0,0,0,53,1,0,85,0,1,1,0,0,0,0,0,0,0,21,0,0,0,0,2,13,0,0,0,0,2,1,0,1,0,0,0,0,0,1,0,1,0,1,64,71,2,0,68,0,0,3,0,2,0,0,0,16,8,0,0,0,0,0,0,0,31,0,0,0,0,0,15,0,0,0,0,0,0,0,0,0,0,0,0,0,3,0,0,0,0,0,551
16003,Hogg Site 7,7,4/26/2014,13,"April 26-May 10, 2014",0,5,0,0,0,0,0,0,2,2,0,1,0,25,3,0,14,0,3,0,2,0,0,0,0,0,0,3,1,0,0,0,3,0,0,1,0,0,9,1,0,0,0,0,0,1,0,0,0,0,0,0,37,3,0,0,14,0,0,0,0,14,0,0,0,0,0,1,0,0,6,0,0,0,21,0,0,0,0,0,0,1,0,0,0,4,0,0,0,0,0,0,0,0,1,0,0,0,1,0,179
15936,Johnson Site 22,22,4/26/2014,10,"April 26-May 6, 2014",0,0,0,0,0,0,0,0,5,0,0,1,0,10,0,0,5,0,1,0,0,0,0,0,0,0,0,2,0,0,0,0,0,4,0,0,0,0,20,0,0,0,0,0,0,0,0,0,0,0,0,0,32,32,0,0,6,0,0,0,0,1,0,0,0,0,0,1,0,0,0,0,3,0,13,0,0,0,0,0,0,0,0,0,0,0,0,0,0,0,0,0,0,0,0,0,0,0,0,0,136
15977,Carthay Site 19,19,4/29/2014,7,"April 29-May 6, 2014",0,0,0,0,0,0,6,0,1,1,0,1,0,54,0,0,21,0,1,14,2,0,0,0,0,0,0,2,0,0,0,0,1,3,0,0,0,0,14,0,0,0,0,0,0,0,0,0,0,1,0,0,10,11,1,0,20,0,0,0,0,9,0,0,1,0,0,0,0,0,0,0,2,0,40,0,0,0,0,0,22,2,0,0,0,0,0,0,0,0,0,0,0,0,9,0,0,0,0,0,249
15984,Hein Site 16,16,4/30/2014,7,"April 30- May 7, 2014",0,0,0,0,0,0,39,0,32,8,0,2,0,116,0,0,39,0,0,12,2,0,0,0,0,0,0,12,0,0,1,4,0,12,0,0,0,1,10,14,0,3,1,0,0,0,0,1,0,0,0,0,34,58,0,0,226,0,0,15,0,21,0,0,0,24,3,1,0,0,0,0,2,0,115,0,0,0,0,0,31,5,0,0,0,0,0,0,0,0,0,0,0,0,1,1,0,0,0,0,846
16172,Higgins Site 23,23,4/30/2014,7,"April 30- May 7, 2014",0,0,0,0,0,0,0,0,2,0,0,0,0,297,0,0,5,0,0,2,9,0,0,0,0,0,0,1,0,0,0,0,0,0,0,0,0,0,4,0,0,0,0,0,0,0,0,0,0,1,0,0,21,6,0,0,26,0,0,8,0,1,0,0,0,3,0,1,0,0,2,0,0,0,10,0,0,0,0,0,3,0,0,0,0,0,0,0,0,0,0,0,0,0,8,0,0,0,0,0,410
16068,Hentschke Site 3,3,4/30/2014,7,"April 30- May 7, 2014",0,0,0,0,0,0,10,0,1,1,0,3,0,66,0,0,17,0,6,1,0,0,0,0,0,0,0,0,0,0,0,0,4,3,0,0,0,0,15,1,0,0,1,0,0,0,0,0,0,0,0,0,26,4,0,0,23,0,0,0,0,33,0,0,0,0,0,2,0,0,2,0,0,0,52,0,0,0,0,0,18,2,0,0,0,0,0,0,0,0,0,0,0,0,0,0,0,0,1,0,292
16056,Ralph Site 11,11,4/5/2014,7,"April 5-12, 2014",0,0,0,0,0,0,1,0,6,9,0,4,0,27,1,0,10,1,0,4,1,0,0,0,0,0,0,32,0,0,0,0,2,4,0,0,0,0,24,0,0,0,1,0,0,0,0,1,0,1,0,1,27,11,1,0,29,0,0,0,0,35,0,0,0,6,2,4,0,0,0,0,10,0,112,0,0,0,0,0,6,0,0,0,0,0,0,0,0,0,0,0,0,0,2,2,0,0,0,0,377
15897,Hentschke Site 3,3,4/2/2014,7,"April2-9, 2014",0,0,0,0,0,0,0,0,2,0,0,0,0,45,0,0,27,0,2,1,0,0,0,0,0,0,0,1,0,0,0,1,2,0,0,0,0,0,7,0,0,2,1,0,0,0,0,0,0,0,0,0,17,1,0,0,18,0,0,0,0,7,0,0,0,0,0,0,0,0,0,0,0,0,4,0,0,0,0,0,6,0,0,0,0,0,0,0,0,0,0,0,0,0,1,0,0,0,0,0,145
16321,Ralph Site 11,11,8/1/2014,7,"Aug 1-8, 2014",0,0,0,0,0,1,0,0,0,0,0,0,0,0,0,0,0,0,0,0,0,0,0,0,0,0,0,0,0,0,0,0,0,0,0,0,0,0,0,3,0,0,0,0,0,0,0,0,0,0,0,0,0,0,0,0,0,0,0,0,0,0,0,0,0,0,0,4,0,0,0,0,0,0,1,0,0,0,0,0,0,0,0,0,0,0,0,0,0,0,0,0,0,0,0,0,0,0,0,0,9
16439,Louie Site 20,20,8/1/2014,7,"Aug 1-8, 2014",0,0,0,0,0,0,0,0,0,0,0,0,0,7,5,0,1,0,0,0,1,0,0,0,0,0,0,0,0,0,0,0,0,0,0,0,0,0,0,0,0,0,0,0,0,0,0,0,0,1,0,1,2,0,0,0,0,0,0,0,0,0,0,0,0,0,0,0,0,0,0,0,0,0,2,0,0,0,0,0,1,0,0,0,0,0,0,0,0,0,0,0,0,0,0,0,0,0,0,0,21
16303,Nature Garden Site1,1,8/1/2014,7,"Aug 1-8, 2014",0,0,0,0,0,0,0,0,0,0,0,0,0,2,0,0,0,0,0,0,1,0,0,0,0,0,0,0,0,0,0,0,0,0,0,0,0,0,0,0,0,0,0,0,0,0,0,0,0,0,0,0,9,0,0,0,0,0,0,0,0,0,0,0,0,0,0,0,0,0,0,0,3,0,2,0,0,0,0,0,23,0,0,0,0,0,0,0,0,0,0,0,0,0,0,0,0,0,0,0,40
16418,Keller Site 28,28,8/2/2014,17,"Aug 2-19, 2014",0,0,0,0,0,1,1,0,8,0,0,4,0,112,3,0,1,0,0,0,10,0,0,0,34,0,0,0,1,0,0,4,1,0,0,1,0,0,8,5,0,1,0,0,0,0,0,0,0,7,0,0,9,10,0,0,1,0,0,130,0,0,0,0,0,0,4,2,0,0,7,0,37,0,7,2,0,0,0,0,99,2,0,0,0,2,0,0,0,0,0,0,0,0,16,0,0,0,0,0,530
16457,Steptoe Site 10,10,8/2/2014,7,"Aug 2-9, 2014",0,0,0,0,0,0,0,0,0,0,0,0,0,3,0,0,0,0,0,0,0,0,0,0,0,0,0,0,0,0,0,0,0,0,0,0,0,0,0,0,0,0,0,0,0,0,0,0,0,0,0,0,4,0,0,0,0,0,0,0,0,0,0,0,0,0,1,0,0,0,0,0,4,0,0,0,0,0,0,0,1,0,0,0,0,0,0,0,0,0,0,0,0,0,0,0,0,0,0,0,13
16485,Oxborough Site 12,12,8/2/2014,7,"Aug 2-9, 2014",0,0,0,0,0,1,0,0,0,0,0,1,0,8,1,0,0,0,0,0,0,0,0,0,0,0,0,0,0,0,0,0,1,0,0,0,0,0,0,0,0,0,0,0,0,0,0,0,0,0,0,0,9,2,0,0,0,0,0,3,0,0,0,0,0,0,0,0,0,0,1,0,2,0,0,0,0,0,0,0,7,0,0,0,0,0,0,0,0,0,0,0,0,0,1,0,0,0,0,0,37
16352,Harding Site 14,14,8/2/2014,7,"Aug 2-9, 2014",0,0,0,0,0,0,0,0,0,0,0,0,0,1,0,0,0,0,0,0,1,0,0,0,0,0,0,0,0,0,0,0,0,0,0,0,0,0,0,0,0,0,0,0,0,0,0,0,0,0,0,1,0,0,0,0,0,0,0,0,0,0,0,0,0,0,1,0,0,0,1,0,0,0,0,0,0,0,0,0,0,0,0,0,0,3,0,0,0,0,0,0,0,0,0,0,0,0,0,0,8
16432,Defibaugh Site 15,15,8/2/2014,7,"Aug 2-9, 2014",0,0,0,0,0,0,0,0,0,0,0,0,0,4,0,0,1,0,0,0,0,0,0,0,0,0,0,0,0,0,0,0,0,0,0,0,0,0,0,0,0,0,0,0,0,0,0,0,0,0,0,0,0,0,0,0,0,0,0,1,0,0,0,0,0,0,7,0,0,0,0,0,4,0,0,0,0,0,0,0,6,0,0,0,0,0,0,0,0,0,0,0,0,0,0,0,0,0,0,0,23
16387,Armstrong Site 17,17,8/2/2014,7,"Aug 2-9, 2014",0,0,0,0,0,0,0,0,0,0,0,0,0,80,0,0,0,0,0,0,1,0,0,0,2,0,0,0,0,0,0,0,1,0,0,0,0,0,2,0,0,0,0,0,0,0,0,0,0,2,0,0,3,0,0,0,1,0,0,86,0,0,0,0,0,0,4,0,0,0,1,0,1,0,0,1,0,0,0,0,44,0,0,0,0,0,0,0,0,0,0,0,0,0,0,0,0,0,0,0,229
16497,Wiegman Site 18,18,8/2/2014,7,"Aug 2-9, 2014",0,0,0,0,0,0,1,0,0,0,0,0,0,43,2,0,0,0,0,0,1,0,0,0,0,0,0,0,0,0,0,0,0,0,0,0,0,0,2,1,0,0,0,0,0,0,0,0,0,0,0,0,8,2,0,0,2,0,0,3,0,0,0,0,0,0,1,0,0,0,0,0,8,0,4,0,0,0,0,0,6,1,0,0,0,0,0,0,0,0,0,0,0,0,2,0,0,0,0,0,87
16365,Cianci Site 21,21,8/2/2014,7,"Aug 2-9, 2014",0,0,0,0,0,0,0,0,0,0,0,0,0,5,0,0,0,0,0,0,0,0,0,0,0,0,0,0,0,0,0,0,0,0,0,0,0,0,0,0,0,0,0,0,0,0,0,0,0,0,0,0,0,0,0,0,0,0,0,0,0,0,0,0,0,0,0,0,0,0,0,0,0,0,2,0,0,0,0,0,0,0,0,0,0,0,0,0,0,0,0,0,0,0,0,0,0,0,0,0,7
16406,Hogue Site 24,24,8/2/2014,7,"Aug 2-9, 2014",0,0,0,0,0,0,1,0,0,0,0,0,0,17,0,0,0,0,0,0,1,0,0,0,2,0,0,0,0,0,0,0,0,0,0,0,0,0,0,1,0,0,0,0,0,0,0,0,0,2,0,0,7,0,0,0,0,0,0,9,0,0,0,0,0,0,0,0,0,0,0,0,0,0,2,0,0,0,0,0,2,0,0,0,0,6,0,0,0,0,0,0,0,0,0,0,0,0,0,0,50
16452,Marquez Site 25,25,8/2/2014,7,"Aug 2-9, 2014",0,0,0,0,0,1,20,0,0,0,0,3,0,30,1,0,0,0,0,1,0,0,0,0,0,0,0,0,0,0,0,0,1,0,0,0,0,0,3,3,0,4,0,0,0,0,0,0,0,1,0,0,10,8,0,0,0,0,0,0,0,1,0,0,0,0,2,0,0,0,4,0,27,0,38,0,0,0,0,0,28,0,0,0,0,0,0,0,0,0,0,0,0,0,0,6,0,0,0,0,192
16491,Lombard Site 26,26,8/2/2014,7,"Aug 2-9, 2014",0,0,0,0,0,0,1,0,0,0,0,0,0,14,8,0,0,0,0,0,3,0,0,0,1,0,0,0,0,0,0,0,0,0,0,0,0,0,0,1,0,0,0,0,0,0,0,0,0,0,0,0,10,2,0,0,0,0,0,0,0,0,0,0,0,0,3,0,0,0,1,0,1,0,7,0,0,0,0,0,0,6,0,0,0,0,0,0,0,0,0,0,0,0,0,0,0,0,0,0,58
16376,Creason Site 27,27,8/2/2014,7,"Aug 2-9, 2014",0,0,0,0,0,0,0,0,0,0,0,0,0,13,0,0,0,0,0,0,1,0,0,0,0,0,0,2,0,0,0,0,3,0,0,0,0,0,0,2,0,0,0,0,0,0,0,0,0,0,0,0,1,0,0,0,2,0,0,0,0,0,0,0,0,0,0,0,0,0,0,0,1,0,8,0,0,0,0,0,0,0,0,0,0,0,0,0,0,0,0,0,0,0,0,0,0,0,0,0,33
16412,Brejcha Site 29,29,8/2/2014,7,"Aug 2-9, 2014",0,0,0,0,0,0,0,0,1,0,0,0,0,2,0,0,0,0,0,0,0,0,0,0,3,0,0,0,0,0,0,0,0,0,0,0,0,0,2,0,0,0,0,0,0,0,0,0,0,0,0,0,0,1,0,0,0,0,0,3,0,0,0,0,0,0,0,0,0,0,13,0,0,0,0,0,0,0,0,0,1,0,0,0,0,9,0,0,0,0,0,0,0,0,0,0,0,0,0,0,35
16423,Franco Site 30,30,8/2/2014,7,"Aug 2-9, 2014",0,0,0,0,0,0,0,0,1,0,0,0,0,27,0,0,0,0,0,0,1,0,0,0,0,0,1,0,0,0,0,4,0,0,0,0,0,0,1,0,0,5,0,0,0,0,0,0,0,0,0,0,0,0,0,0,2,0,0,1,1,0,0,0,0,0,0,0,0,0,17,0,2,0,6,0,0,0,0,0,2,0,0,0,0,0,0,0,0,0,1,0,0,0,0,0,0,0,0,0,72
16468,Pisano Site 4,4,8/2/2014,7,"Aug 2-9, 2014",0,0,0,0,0,3,1,0,0,0,0,0,0,12,1,0,3,0,0,0,1,0,0,0,0,0,0,0,0,0,0,0,0,0,0,0,0,0,1,0,0,0,0,0,0,0,0,0,0,0,0,0,4,1,0,0,1,0,0,0,1,0,0,0,0,0,4,0,0,0,1,0,0,0,4,0,0,0,0,0,7,0,0,0,0,1,0,0,0,0,0,0,0,0,4,0,0,0,0,0,50
16446,Renwick Site 5,5,8/2/2014,7,"Aug 2-9, 2014",0,0,0,0,0,0,5,0,0,0,0,1,0,5,0,0,0,0,0,1,3,0,0,0,0,0,0,0,0,0,0,6,0,1,0,0,0,0,4,6,0,0,0,0,0,0,0,0,0,1,0,0,3,124,0,0,1,0,0,0,0,1,0,0,0,1,1,0,0,0,1,0,11,0,4,0,0,0,0,0,11,0,0,0,0,2,0,0,0,0,0,0,0,0,0,0,0,0,0,0,193
16463,Koch Site 6,6,8/2/2014,7,"Aug 2-9, 2014",0,0,0,0,0,1,3,0,0,1,0,0,0,4,17,0,0,0,1,0,3,0,0,0,13,0,0,0,0,0,0,0,0,0,0,0,0,0,7,1,0,0,0,0,0,0,0,0,0,1,0,0,0,1,0,0,5,0,0,27,0,0,0,0,0,0,2,0,0,0,0,0,17,0,9,0,0,0,0,0,3,2,0,0,0,6,0,0,0,0,0,0,0,0,2,1,0,0,3,0,130
16371,Hogg Site 7,7,8/2/2014,7,"Aug 2-9, 2014",0,0,0,0,0,1,0,0,1,0,0,7,0,6,0,0,0,0,0,0,0,0,0,0,0,0,0,0,0,0,0,0,0,0,0,0,0,0,4,12,0,0,0,0,0,1,0,0,0,0,0,0,8,1,0,0,2,0,3,7,0,0,0,0,0,0,0,0,0,0,35,0,4,0,3,0,0,0,0,0,1,1,0,0,0,0,0,0,0,0,0,0,0,0,0,0,0,0,0,0,97
16503,Fujioka Site 8,8,8/2/2014,7,"Aug 2-9, 2014",0,0,0,0,0,0,0,0,0,0,0,0,0,0,0,0,0,0,0,0,0,0,0,0,0,0,0,0,0,0,0,0,0,0,0,0,0,0,0,0,0,0,0,0,0,0,0,0,0,0,0,0,0,0,0,0,0,0,0,0,0,0,0,0,0,0,0,0,0,0,0,0,0,0,0,0,0,0,0,0,0,0,0,0,0,0,0,0,0,0,0,0,0,0,0,0,0,0,0,0,0
16427,Rodriguez Site 9,9,8/2/2014,7,"Aug 2-9, 2014",0,0,0,0,0,0,0,0,0,0,0,0,0,0,0,0,0,0,0,0,0,0,0,0,0,0,0,0,0,0,0,0,0,0,0,0,0,0,0,0,0,0,0,0,0,0,0,0,0,0,0,0,0,0,0,0,0,0,0,0,0,0,0,0,0,0,0,0,0,0,0,0,0,0,1,0,0,0,0,0,0,0,0,0,0,0,0,0,0,0,0,0,0,0,0,0,0,0,0,0,1
16482,Ralph Site 11,11,8/29/2014,7,"Aug 29- Sept 5, 2014",0,0,0,0,0,0,1,0,0,0,0,0,0,2,0,0,0,0,0,0,0,0,0,0,1,0,0,0,0,0,0,0,0,0,0,0,0,0,0,0,0,0,0,0,0,0,0,0,0,0,0,0,0,0,0,0,0,0,0,0,0,0,0,0,0,0,0,6,0,0,0,0,0,0,0,0,0,0,0,0,2,0,0,0,0,0,0,0,0,0,0,0,0,0,0,0,0,0,0,0,12
16443,Louie Site 20,20,8/29/2014,7,"Aug 29- Sept 5, 2014",0,0,0,0,0,0,0,0,0,0,0,0,0,4,1,0,0,0,0,0,0,0,0,0,1,0,0,0,0,0,0,0,0,0,0,0,0,0,0,1,0,0,0,0,0,0,0,0,0,0,0,0,0,0,0,0,0,0,0,0,0,0,0,0,0,0,0,0,0,0,1,0,0,0,2,0,0,0,0,0,0,0,0,0,0,2,0,0,0,0,0,0,0,0,0,0,0,0,0,0,12
16431,Nature Garden Site1,1,8/29/2014,7,"Aug 29- Sept 5, 2014",0,0,0,0,0,0,0,0,0,0,0,0,0,7,0,0,0,0,1,0,1,0,0,0,0,0,0,0,0,0,0,0,0,0,0,0,0,0,0,0,0,0,0,0,0,0,0,0,0,1,0,0,1,0,0,0,0,0,0,0,0,0,0,0,0,0,0,0,0,0,0,0,3,0,2,0,0,0,0,0,27,0,0,0,0,0,0,0,0,0,0,0,0,0,0,1,0,0,0,0,44
16393,Donahue Site 31,31,8/3/2014,6,"Aug 3-9, 2014",0,0,0,0,0,0,1,0,0,0,0,1,0,3,2,0,1,0,0,0,1,0,0,0,0,0,0,0,0,0,0,0,0,0,0,0,0,0,0,1,0,0,0,0,0,0,0,0,0,0,0,0,1,0,0,0,0,0,0,0,1,0,0,0,0,0,0,0,0,0,1,0,2,0,2,0,0,0,0,0,0,0,0,0,0,2,0,0,0,0,0,0,0,0,0,0,0,0,2,0,21
16461,Steptoe Site 10,10,8/30/2014,7,"Aug 30- Sept 6, 2014",0,0,0,0,0,0,0,0,0,0,0,0,0,0,0,0,0,0,0,0,0,0,0,0,0,0,0,0,0,0,0,0,0,0,0,0,0,0,0,0,0,0,0,0,0,0,0,0,0,0,0,0,2,0,0,0,0,0,0,0,0,0,0,0,0,0,0,0,0,0,0,0,0,0,0,0,0,0,0,0,2,0,0,0,0,0,0,0,0,0,0,0,0,0,0,0,0,0,0,0,4
16489,Oxborough Site 12,12,8/30/2014,7,"Aug 30- Sept 6, 2014",0,0,0,0,0,0,0,0,0,0,0,1,0,0,0,0,0,0,0,0,0,0,0,0,0,0,0,0,0,0,0,0,0,0,0,0,0,0,0,0,0,0,0,0,0,0,0,0,0,0,0,0,2,0,0,0,0,0,0,1,0,0,0,0,0,0,0,0,0,0,0,0,1,0,0,0,0,0,0,0,1,0,0,0,0,0,0,0,0,0,0,0,0,0,0,0,0,0,0,0,6
16550,Hoffman Site 13,13,8/30/2014,7,"Aug 30- Sept 6, 2014",0,0,0,1,0,0,0,0,0,0,2,0,0,5,2,0,1,0,0,0,0,0,0,0,6,0,0,0,2,0,0,0,0,0,0,0,0,0,2,3,0,2,0,0,0,1,0,0,0,0,0,2,10,0,0,0,0,0,0,0,36,1,0,0,0,1,0,0,0,0,7,0,1,0,6,14,0,0,0,0,1,2,1,1,0,1,0,0,0,0,0,0,0,0,0,0,0,2,0,0,113
16525,Harding Site 14,14,8/30/2014,7,"Aug 30- Sept 6, 2014",0,0,0,0,0,0,0,0,0,0,0,0,0,0,0,0,0,0,0,0,0,0,0,0,0,0,0,0,1,0,0,0,0,0,0,0,0,0,0,0,0,0,0,0,0,0,0,0,0,0,0,0,2,0,0,0,0,0,0,0,0,0,0,0,0,0,0,0,0,0,1,0,1,0,1,0,0,0,0,0,0,0,0,0,0,1,0,0,0,0,0,0,0,0,0,0,0,0,0,0,7
16609,Defibaugh Site 15,15,8/30/2014,7,"Aug 30- Sept 6, 2014",0,0,0,0,0,0,0,0,0,0,0,0,0,6,0,0,0,0,0,0,0,0,0,0,0,0,0,1,0,0,0,0,0,0,0,0,0,0,0,0,0,0,0,0,0,0,0,0,0,0,0,0,0,0,0,0,0,0,0,0,0,0,0,0,0,0,3,0,0,0,0,0,0,0,0,0,0,0,0,0,1,0,0,0,0,0,0,0,0,0,0,0,0,0,0,0,0,0,0,0,11
16538,Armstrong Site 17,17,8/30/2014,7,"Aug 30- Sept 6, 2014",0,0,0,0,0,1,0,0,0,0,0,0,0,37,0,0,0,0,0,0,0,0,0,0,3,0,0,0,0,0,0,0,0,0,0,0,0,0,1,0,0,0,0,0,0,0,0,0,0,0,0,0,0,0,0,0,0,0,0,8,0,0,0,0,0,0,0,0,0,0,0,0,2,0,0,0,0,0,0,0,18,0,0,0,0,0,0,0,0,0,0,0,0,0,1,0,0,0,0,0,71
16501,Wiegman Site 18,18,8/30/2014,7,"Aug 30- Sept 6, 2014",0,0,0,0,0,0,0,0,0,0,0,0,0,87,3,0,1,0,0,0,0,0,0,0,0,0,0,0,0,0,0,0,0,0,0,0,0,0,2,0,0,0,0,0,0,0,0,0,0,0,0,0,7,0,0,0,0,0,0,0,0,0,0,0,0,1,3,0,0,0,0,0,2,0,2,0,0,0,0,0,4,0,0,0,0,0,0,0,0,0,0,0,0,0,0,0,0,0,0,0,112
16568,Cianci Site 21,21,8/30/2014,7,"Aug 30- Sept 6, 2014",0,0,0,0,0,0,0,0,0,0,0,0,0,5,0,0,0,0,0,0,0,0,0,0,0,0,0,0,0,0,0,0,1,0,0,0,0,0,0,0,0,0,0,0,0,0,0,0,0,0,0,0,0,0,0,0,0,0,0,0,0,0,0,0,0,0,0,0,0,0,0,0,0,0,1,0,0,0,0,0,0,0,0,0,0,0,0,0,0,0,0,0,0,0,0,0,0,0,0,0,7
16580,Hogue Site 24,24,8/30/2014,7,"Aug 30- Sept 6, 2014",0,0,0,0,0,0,1,0,0,0,0,0,0,7,0,0,0,0,0,0,1,0,0,0,0,0,0,0,0,0,0,0,0,0,0,0,0,0,1,1,0,0,0,0,0,0,0,0,0,0,0,0,3,0,0,0,0,0,0,7,0,0,0,0,0,0,0,0,0,0,0,0,2,0,1,0,0,0,0,0,0,0,0,0,0,2,0,0,0,0,0,0,0,0,0,0,0,0,0,0,26
16495,Lombard Site 26,26,8/30/2014,7,"Aug 30- Sept 6, 2014",0,0,0,0,0,0,0,0,0,0,0,0,0,19,9,0,1,0,2,0,0,0,0,0,10,0,0,0,0,0,0,0,0,0,0,0,0,0,3,0,0,0,0,0,0,0,0,0,0,0,0,0,10,1,0,0,0,0,0,1,0,0,0,0,0,0,8,0,0,0,1,0,0,0,10,0,0,0,0,0,4,12,0,0,0,0,0,0,0,0,0,0,0,0,0,0,0,0,0,0,91
16544,Creason Site 27,27,8/30/2014,7,"Aug 30- Sept 6, 2014",0,0,0,0,0,0,0,0,0,0,0,0,0,0,0,0,0,0,0,0,0,0,0,0,1,0,0,0,0,0,0,0,0,0,0,0,0,0,0,1,0,0,0,0,0,0,0,0,0,0,0,1,1,0,0,0,2,0,0,0,0,0,0,0,0,0,0,0,0,0,0,0,0,0,0,0,0,0,0,0,0,0,0,0,0,0,0,0,0,0,0,0,0,0,0,0,0,0,0,0,6
16597,Keller Site 28,28,8/30/2014,7,"Aug 30- Sept 6, 2014",0,0,0,0,0,0,0,0,0,1,0,1,0,30,1,0,0,0,0,1,6,0,0,0,22,0,0,0,3,0,0,1,0,0,0,0,0,0,0,3,0,0,0,0,0,0,0,0,0,7,0,0,1,2,0,0,1,0,0,36,0,0,0,0,0,0,0,0,0,0,2,0,11,0,1,0,0,0,0,0,34,0,0,0,0,0,0,0,0,0,0,0,0,0,5,0,0,0,0,0,169
16574,Brejcha Site 29,29,8/30/2014,7,"Aug 30- Sept 6, 2014",0,0,0,0,0,0,0,0,0,0,0,0,0,0,0,0,0,0,0,0,0,0,0,0,1,0,0,0,0,0,0,0,0,0,0,0,0,0,0,0,0,1,0,0,0,0,0,0,0,0,0,0,0,0,0,0,0,0,0,0,0,0,0,0,0,0,0,0,0,0,0,0,0,0,0,0,0,0,0,0,0,0,0,0,0,0,0,0,0,0,0,0,0,0,0,0,0,0,0,0,2
16591,Franco Site 30,30,8/30/2014,7,"Aug 30- Sept 6, 2014",0,0,0,0,0,0,1,0,1,0,0,1,0,24,1,0,0,0,1,0,0,0,0,0,2,0,0,2,0,0,0,1,0,0,0,0,0,0,1,3,0,8,0,0,0,13,0,0,0,0,0,1,5,2,0,0,0,0,0,0,5,0,0,0,0,1,0,0,0,0,36,0,9,0,4,0,0,0,0,0,1,0,0,0,0,3,0,0,0,0,0,0,0,0,0,0,0,0,0,0,126
16562,Donahue Site 31,31,8/30/2014,7,"Aug 30- Sept 6, 2014",0,0,0,0,0,0,0,0,0,0,0,0,0,1,1,0,0,0,0,0,2,0,0,0,0,0,0,0,0,0,0,0,0,0,0,0,0,0,0,0,0,0,0,0,0,0,0,0,0,0,0,0,0,0,0,0,0,0,0,0,0,0,0,0,0,0,0,0,0,0,0,0,2,0,0,0,0,0,0,0,0,0,0,0,0,0,0,0,0,0,0,0,0,0,0,0,0,0,0,0,6
16471,Pisano Site 4,4,8/30/2014,7,"Aug 30- Sept 6, 2014",0,0,0,0,0,0,0,0,0,0,0,0,0,3,1,0,0,0,0,0,0,0,0,0,0,0,0,0,0,0,0,0,0,0,0,0,0,0,0,0,0,0,0,0,0,0,0,0,0,0,0,0,2,0,0,0,0,0,0,0,0,0,0,0,0,0,3,0,1,0,0,0,0,0,5,0,0,0,0,0,2,0,0,0,0,1,0,0,0,0,0,0,0,0,1,0,0,0,0,0,19
16450,Renwick Site 5,5,8/30/2014,7,"Aug 30- Sept 6, 2014",0,0,0,0,0,1,3,0,0,0,0,1,0,5,0,0,0,0,0,0,6,0,0,0,0,0,0,0,0,0,0,0,0,0,0,0,0,0,2,8,0,0,0,0,0,0,0,0,0,0,0,3,0,5,0,0,0,0,0,0,0,0,0,0,0,0,0,0,0,0,0,0,22,0,4,0,0,0,0,0,9,0,0,0,0,2,0,0,0,0,0,0,0,0,0,0,0,0,0,0,71
16556,Hogg Site 7,7,8/30/2014,7,"Aug 30- Sept 6, 2014",0,0,0,0,0,0,0,0,1,0,1,1,0,6,1,0,0,0,0,0,1,0,0,0,0,0,0,0,1,0,0,0,0,0,0,0,0,0,1,3,0,1,0,0,0,0,0,0,0,0,0,0,3,0,0,0,0,0,0,3,0,0,0,0,0,0,0,0,0,0,7,0,13,0,2,0,0,0,0,0,1,0,0,0,0,1,0,0,0,0,0,0,0,0,0,0,0,0,0,0,47
16507,Fujioka Site 8,8,8/30/2014,7,"Aug 30- Sept 6, 2014",0,0,0,0,0,0,0,0,0,0,0,0,0,0,0,0,0,0,0,0,0,0,0,0,0,0,0,0,0,0,0,0,0,0,0,0,0,0,0,0,0,0,0,0,0,0,0,0,0,0,0,0,0,0,0,0,0,0,0,0,0,0,0,0,0,0,0,0,0,0,0,0,0,0,0,0,0,0,0,0,0,0,0,0,0,0,0,0,0,0,0,0,0,0,0,0,0,0,0,0,0
16585,Rodriguez Site 9,9,8/30/2014,7,"Aug 30- Sept 6, 2014",0,0,0,0,0,0,0,0,0,0,0,0,0,0,0,0,0,0,0,0,0,0,0,0,0,0,0,0,0,0,0,0,0,0,0,0,0,0,0,0,0,0,0,0,0,0,0,0,0,0,0,0,0,0,0,0,0,0,0,0,0,0,0,0,0,0,0,0,0,0,0,0,0,0,0,0,0,0,0,0,0,0,0,0,0,0,0,0,0,0,0,0,0,0,0,0,0,0,0,0,0
16456,Marquez Site 25,25,8/30/2014,14,"Aug 30- Sept. 13, 2014",0,0,0,0,0,2,21,0,2,0,0,3,0,35,0,0,0,0,0,0,0,0,0,0,1,0,0,0,0,0,0,2,0,0,0,0,0,0,3,8,0,6,0,0,0,0,0,0,0,2,0,1,29,7,0,0,0,0,0,0,0,0,0,0,0,0,2,4,0,0,6,0,27,0,21,0,0,0,0,0,100,3,0,0,0,0,0,0,0,0,0,0,0,0,0,6,0,0,0,0,291
16381,Hoffman Site 13,13,8/4/2014,5,"Aug 4-9, 2014",0,0,0,0,0,0,1,0,0,0,1,0,0,6,0,0,3,0,0,0,0,0,0,0,7,0,0,0,0,0,0,0,0,0,0,0,0,0,0,1,0,0,0,0,0,0,0,0,0,1,0,1,5,0,0,0,0,0,1,0,53,0,0,0,0,0,0,0,0,0,9,0,0,0,12,10,0,0,0,0,0,0,0,1,0,2,0,0,0,0,2,0,1,0,1,0,0,3,0,1,122
15550,Cianci Site 21,21,12/28/2013,7,"Dec 28- Jan 4, 2014",0,1,0,0,0,0,0,0,0,0,0,0,0,68,0,0,0,0,0,0,0,0,0,0,0,0,0,0,0,0,0,0,0,0,0,0,0,0,0,0,0,0,1,0,0,0,0,0,0,0,0,0,9,0,0,0,2,0,0,0,0,0,0,0,0,0,0,0,0,0,1,0,0,0,8,0,0,0,0,0,0,0,0,0,0,0,0,0,0,0,0,0,0,0,0,0,0,0,1,0,91
16847,Wiegman Site 18,18,12/2/2014,4,"Dec. 2-6, 2014",0,0,0,0,0,0,0,0,0,0,0,0,0,136,1,0,0,0,0,0,0,0,0,0,0,0,0,1,0,0,0,0,0,1,0,0,0,0,2,0,0,0,0,0,0,0,0,0,0,1,0,0,0,1,0,0,0,0,0,0,0,0,0,0,0,0,1,0,0,0,0,0,2,0,7,0,0,0,0,0,3,0,0,0,0,0,0,0,0,0,0,0,0,0,0,0,0,0,0,0,156
16876,Carthay Site 19,19,12/2/2014,7,"Dec. 2-9, 2014",0,0,0,0,0,0,8,0,2,0,0,0,0,257,3,1,3,0,0,2,1,0,0,0,0,0,0,9,0,1,0,0,0,3,0,0,0,0,2,1,0,3,0,0,0,0,0,0,0,3,0,5,47,5,3,0,6,0,0,0,0,0,0,1,0,0,2,0,0,0,1,1,24,0,33,0,0,0,0,0,30,0,0,0,0,0,0,0,0,0,0,0,0,0,1,0,0,0,0,0,458
16824,Johnson Site 22,22,12/2/2014,7,"Dec. 2-9, 2014",0,0,0,0,0,0,0,0,1,0,0,0,0,5,0,1,1,2,1,0,0,0,0,0,0,0,0,2,0,0,0,0,0,0,0,0,0,0,0,1,0,1,0,1,0,0,0,0,0,0,0,8,6,0,1,0,1,0,0,0,0,0,0,0,0,0,0,0,0,0,0,0,4,0,17,0,0,0,0,0,5,0,0,0,0,0,0,0,0,0,0,0,0,0,0,0,0,0,0,0,58
15456,Ralph Site 11,11,12/28/2013,14,"Dec. 28- Jan. 11, 2014",0,0,0,0,0,0,2,0,0,0,0,1,0,5,0,0,0,0,0,2,0,0,0,0,0,0,0,1,0,0,0,1,0,0,0,0,0,0,0,0,0,0,0,0,0,0,0,0,0,0,0,0,0,27,1,0,2,0,0,0,0,0,0,0,0,0,2,2,0,0,0,0,0,0,0,0,0,0,0,0,0,0,0,0,0,0,0,0,0,0,0,0,0,0,0,0,0,0,0,0,46
15480,Keller Site 28,28,12/28/2013,7,"Dec. 28- Jan. 4, 2014",0,1,0,0,0,0,0,0,0,0,0,0,0,65,1,0,10,2,0,2,0,0,0,0,0,0,0,2,1,0,0,1,1,0,0,0,0,0,3,0,1,0,0,0,0,0,0,0,0,0,0,1,10,0,0,0,96,0,0,0,0,0,0,2,0,1,0,0,0,0,0,0,0,0,3,0,0,0,0,0,10,0,0,0,0,0,0,0,0,0,0,0,0,0,0,0,0,0,1,0,214
15426,Steptoe Site 10,10,12/28/2013,7,"Dec. 28- Jan. 4, 2014",0,0,0,0,0,0,0,0,0,0,0,0,0,2,0,0,0,0,0,0,0,0,0,0,0,0,0,0,0,0,0,0,0,0,0,0,0,0,0,0,0,0,0,0,0,0,0,0,0,0,0,0,4,0,0,0,0,0,0,0,0,0,0,0,0,0,0,0,0,0,0,0,0,0,0,0,0,0,0,0,2,0,0,0,0,0,0,0,0,0,0,0,0,0,0,0,0,0,0,0,8
15455,Oxborough Site 12,12,12/28/2013,7,"Dec. 28- Jan. 4, 2014",0,0,0,0,0,0,0,0,0,0,0,0,0,19,0,0,8,0,1,0,0,0,0,0,0,0,0,0,0,0,5,1,0,0,0,0,0,0,0,0,0,0,0,0,0,0,0,0,0,0,0,0,34,4,3,0,7,0,0,0,0,1,4,0,0,2,5,0,0,0,0,0,0,0,1,1,0,0,1,0,2,0,0,0,0,0,0,0,0,0,0,0,0,0,0,0,0,0,0,0,99
15522,Hoffman Site 13,13,12/28/2013,7,"Dec. 28- Jan. 4, 2014",0,0,0,0,0,0,0,0,0,0,0,0,0,3,2,0,0,0,0,0,0,0,0,0,0,0,0,0,0,0,0,0,0,0,0,0,1,0,0,0,0,2,0,1,0,0,0,0,8,0,0,6,1,0,3,1,0,0,0,0,0,0,0,0,1,0,0,0,0,0,0,0,0,0,1,2,0,0,0,0,0,0,0,0,0,0,0,0,0,0,0,0,0,0,0,0,0,0,0,0,32
15476,Harding Site 14,14,12/28/2013,7,"Dec. 28- Jan. 4, 2014",0,0,0,0,0,0,0,0,0,0,0,0,0,2,0,0,0,0,0,0,0,0,0,0,0,0,0,0,0,0,0,0,0,0,0,0,0,0,0,0,0,0,0,0,0,0,0,0,0,0,0,4,5,1,0,0,0,0,0,0,0,0,0,0,0,0,0,0,0,0,0,0,0,0,1,0,0,0,1,0,0,0,0,0,0,0,0,0,0,0,0,0,0,0,0,0,0,0,0,0,14
15510,Defibaugh Site 15,15,12/28/2013,7,"Dec. 28- Jan. 4, 2014",0,0,0,0,0,0,0,0,0,0,0,0,0,18,0,0,0,0,0,1,0,0,0,0,0,0,0,0,0,0,0,0,0,0,0,0,0,0,1,0,0,0,0,0,0,0,0,0,0,0,0,0,4,0,2,0,15,0,0,0,0,0,0,0,0,0,0,0,0,0,0,0,0,0,1,0,0,0,0,0,0,0,0,0,0,0,0,0,0,0,0,0,0,0,0,0,0,0,0,0,42
15608,Hein Site 16,16,12/28/2013,7,"Dec. 28- Jan. 4, 2014",0,0,0,0,0,0,5,0,0,0,1,0,0,57,1,0,5,0,0,1,1,0,0,0,0,0,0,6,0,0,0,1,0,4,0,0,0,0,3,2,0,0,2,0,0,0,0,0,0,0,0,4,47,16,0,0,91,0,0,0,0,0,0,0,1,15,5,0,0,0,0,0,0,0,10,0,0,0,0,0,9,0,0,0,0,0,0,0,0,0,0,0,0,0,1,0,0,0,0,0,288
15516,Armstrong Site 17,17,12/28/2013,7,"Dec. 28- Jan. 4, 2014",0,0,0,0,0,0,0,0,1,0,0,0,0,84,0,0,0,0,0,1,0,0,0,0,0,0,0,0,0,0,0,0,0,0,0,0,0,0,1,0,0,1,0,0,0,0,0,0,0,0,0,0,5,0,1,0,19,0,0,0,0,0,1,0,0,1,0,0,0,0,0,0,1,0,3,1,0,0,0,0,2,0,0,0,0,0,0,0,0,0,0,0,0,0,1,0,0,0,0,0,123
15540,Higgins Site 23,23,12/28/2013,7,"Dec. 28- Jan. 4, 2014",0,0,0,0,0,0,0,0,0,0,0,0,0,35,0,0,1,0,0,0,0,0,0,0,0,0,0,1,0,0,0,0,0,0,0,0,0,0,2,0,0,0,0,0,0,0,0,0,0,0,0,1,4,0,0,0,9,0,0,0,0,0,0,0,0,0,0,1,0,0,0,0,0,0,1,0,0,0,0,0,4,0,0,0,0,0,0,0,0,0,0,0,0,0,0,0,0,0,0,0,59
15485,Hogue Site 24,24,12/28/2013,7,"Dec. 28- Jan. 4, 2014",0,1,0,0,0,0,9,0,2,0,0,0,0,20,1,0,1,3,0,0,0,0,0,0,0,0,0,0,0,0,0,0,1,1,0,0,0,0,0,0,1,0,0,0,0,0,0,0,0,0,0,2,5,0,0,0,8,0,0,0,0,0,0,0,0,0,0,1,0,0,0,0,1,0,4,1,0,0,0,0,3,0,0,0,0,0,0,0,0,0,0,0,0,0,2,0,0,0,0,0,67
15505,Marquez Site 25,25,12/28/2013,7,"Dec. 28- Jan. 4, 2014",0,0,0,0,0,0,13,0,2,0,0,1,0,6,0,0,1,1,0,1,0,0,0,0,0,0,0,0,0,0,0,1,0,0,0,0,0,0,0,0,0,0,0,0,0,0,0,1,0,0,0,1,7,14,0,0,5,0,0,0,0,0,0,1,2,0,0,1,0,0,0,0,1,0,2,0,0,0,0,0,25,0,0,0,0,0,0,0,0,0,0,0,0,0,0,0,0,0,0,0,86
15465,Lombard Site 26,26,12/28/2013,7,"Dec. 28- Jan. 4, 2014",0,0,0,0,0,0,0,0,0,0,0,0,0,67,14,0,7,0,232,1,1,0,0,0,0,0,0,0,0,0,0,0,0,0,0,0,0,0,2,0,0,0,0,0,0,0,0,0,0,0,0,0,32,0,0,0,13,0,0,0,0,14,0,0,0,0,2,0,0,0,0,0,0,0,16,0,0,0,0,0,9,0,0,0,0,0,0,0,0,0,0,0,0,0,0,0,0,0,0,0,410
15493,Creason Site 27,27,12/28/2013,7,"Dec. 28- Jan. 4, 2014",0,0,0,0,0,0,0,0,0,0,0,0,0,7,0,0,0,0,0,0,0,0,0,0,0,0,0,0,0,0,0,0,1,0,0,0,0,0,0,0,0,0,0,0,0,0,0,0,0,0,0,4,0,0,0,0,2,0,0,0,0,2,0,0,1,0,0,0,0,0,0,0,0,0,1,0,0,0,0,0,0,0,0,0,0,0,0,0,0,0,0,0,0,0,0,0,0,0,1,0,19
15489,Brejcha Site 29,29,12/28/2013,7,"Dec. 28- Jan. 4, 2014",0,4,0,0,0,0,0,0,10,0,1,0,0,69,0,0,11,1,0,0,0,0,0,0,0,0,0,0,0,0,0,1,0,0,0,0,0,0,2,0,1,1,0,0,0,0,0,0,1,0,0,10,21,2,0,0,14,0,0,0,0,0,0,0,0,0,0,0,0,0,0,0,0,0,7,0,0,0,0,0,2,0,0,0,0,0,0,0,0,0,0,0,0,0,0,0,0,0,0,0,158
15527,Franco Site 30,30,12/28/2013,7,"Dec. 28- Jan. 4, 2014",0,0,0,0,0,0,0,1,0,0,0,0,0,12,0,0,0,0,0,0,0,0,0,0,0,0,0,0,0,0,0,0,0,0,0,0,0,0,0,0,0,0,0,2,0,0,0,0,0,0,0,1,4,0,0,0,4,0,0,0,0,0,0,0,0,0,0,0,1,0,1,0,0,0,3,0,0,0,0,0,0,0,0,0,0,0,0,0,0,0,0,0,0,0,0,0,0,0,0,0,29
15544,Donahue Site 31,31,12/28/2013,7,"Dec. 28- Jan. 4, 2014",0,0,0,0,0,0,0,0,0,0,0,0,0,64,1,0,1,0,2,0,0,0,0,0,0,0,0,0,0,0,0,0,2,3,0,0,0,0,0,0,1,1,3,0,0,0,0,0,1,0,0,0,5,0,0,0,5,0,0,0,3,1,0,0,0,0,0,0,0,0,2,0,0,0,11,0,0,0,0,0,0,0,0,0,0,0,0,0,2,0,0,0,0,0,0,0,0,1,1,0,110
15419,Renwick Site 5,5,12/28/2013,7,"Dec. 28- Jan. 4, 2014",0,0,0,0,0,0,4,0,4,0,1,2,0,11,0,0,1,0,2,0,0,0,0,0,0,0,0,1,0,0,0,0,0,0,0,0,0,0,0,1,0,1,0,0,0,0,0,0,0,0,0,2,9,0,0,0,20,0,0,0,0,4,0,0,0,0,0,0,0,0,0,0,1,0,5,0,0,0,0,0,1,0,0,0,0,0,0,0,0,0,0,0,0,0,0,0,0,0,0,0,70
15533,Hogg Site 7,7,12/28/2013,7,"Dec. 28- Jan. 4, 2014",0,2,0,0,0,0,0,0,0,0,0,0,0,10,0,0,2,0,2,0,0,0,0,0,0,0,0,0,0,0,0,0,0,0,0,0,0,0,0,0,0,1,0,0,0,0,0,0,0,0,0,4,5,0,0,0,4,0,0,0,0,1,0,0,0,0,0,0,0,0,1,0,0,0,2,0,0,0,0,0,0,0,0,0,0,0,0,0,0,0,0,0,0,0,0,0,0,0,0,0,34
15448,Fujioka Site 8,8,12/28/2013,7,"Dec. 28- Jan. 4, 2014",0,0,0,0,0,0,0,0,0,0,0,0,0,0,0,0,0,0,0,0,0,0,0,0,0,0,0,0,0,0,0,0,0,1,0,0,0,0,0,0,0,0,0,0,0,0,0,0,0,0,0,0,0,0,0,0,0,0,0,0,0,0,0,0,0,0,0,0,0,0,0,0,0,0,0,0,0,0,0,0,0,0,0,0,0,0,0,0,0,0,0,0,0,0,0,0,0,0,0,0,1
15498,Rodriguez Site 9,9,12/28/2013,7,"Dec. 28- Jan. 4, 2014",0,0,0,0,0,0,2,0,0,0,0,1,0,8,0,0,0,0,0,0,1,0,0,0,0,0,0,1,0,0,0,0,5,0,0,0,0,0,0,0,0,0,0,0,0,0,0,0,0,0,0,0,1,0,0,0,4,0,0,0,0,1,0,0,0,0,0,0,0,0,0,0,0,0,5,0,0,0,0,0,1,0,0,0,0,0,0,0,0,0,0,0,0,0,1,0,0,0,0,0,31
15462,Wiegman Site 18,18,12/28/2013,8,"Dec. 28- Jan. 5, 2014",0,0,0,0,0,0,0,0,0,1,0,0,0,33,3,0,2,0,0,0,0,0,0,0,0,0,0,1,0,0,0,0,0,1,0,0,0,0,3,0,0,0,0,0,0,0,0,0,0,0,0,0,8,1,0,0,56,0,0,0,0,2,0,0,0,0,0,0,0,0,0,0,0,0,5,0,0,0,0,0,2,0,0,0,0,0,0,0,0,0,0,0,0,0,1,0,0,0,0,0,119
15443,Pisano Site 4,4,12/28/2013,9,"Dec. 28- Jan. 6, 2014",0,0,0,0,0,0,0,0,0,0,0,0,0,2,0,0,0,0,0,0,0,0,0,0,0,0,0,0,0,0,0,0,0,0,0,0,0,0,0,0,0,0,0,0,0,0,0,0,0,0,0,1,0,0,0,0,0,0,0,0,0,0,0,0,0,0,0,0,0,0,0,0,0,0,0,0,0,0,0,0,0,0,0,0,0,0,0,0,0,0,0,0,0,0,0,0,0,0,0,0,3
16866,Hein Site 16,16,12/3/2014,7,"Dec. 3-10, 2014",0,0,0,0,0,0,3,0,0,0,0,1,0,26,2,0,0,0,0,0,0,0,0,0,0,0,0,0,0,0,0,1,0,0,0,0,0,0,0,0,0,0,0,0,0,0,0,1,0,0,0,5,1,3,0,0,4,0,0,0,0,0,0,0,0,0,0,0,0,0,0,0,1,0,4,0,0,0,0,0,1,0,0,0,0,0,0,0,0,0,0,0,0,0,0,0,0,0,0,0,53
16969,Hentschke Site 3,3,12/3/2014,7,"Dec. 3-10, 2014",0,0,0,0,0,0,0,0,0,0,0,8,0,181,0,0,0,2,3,0,1,0,0,0,0,0,0,0,0,1,0,0,0,0,0,0,0,0,3,2,0,5,0,0,0,0,0,0,0,5,0,1,6,2,0,1,4,0,0,0,0,1,0,0,0,0,1,0,0,0,0,0,2,0,20,0,0,0,0,0,28,0,0,0,0,0,0,0,0,0,0,0,0,0,1,1,0,0,0,0,279
15573,Johnson Site 22,22,12/31/2013,7,"Dec. 31- Jan 7, 2014",0,0,0,0,0,0,0,0,3,1,0,0,0,2,0,0,3,0,0,0,0,0,0,0,0,0,0,0,0,0,0,0,0,0,0,0,0,0,0,0,0,0,0,0,0,0,0,0,0,0,0,0,2,0,0,0,1,0,0,0,0,0,0,0,0,0,0,0,0,0,0,0,0,0,0,0,0,0,0,0,0,0,0,0,0,0,0,0,0,0,0,0,0,0,0,0,0,0,0,0,12
15438,Carthay Site 19,19,12/31/2013,7,"Dec. 31- Jan. 7, 2014",0,0,0,0,0,0,1,0,3,1,0,0,0,23,4,0,10,0,0,2,0,0,0,0,0,0,0,1,0,0,0,0,0,0,0,0,0,0,1,0,0,1,3,0,0,0,0,0,0,0,0,0,16,2,0,0,0,0,0,0,0,0,0,0,0,0,0,0,0,0,0,0,0,0,11,0,0,0,0,0,5,0,0,0,0,0,0,0,0,0,0,0,0,0,0,0,0,0,0,0,84
15807,Carthay Site 19,19,2/25/2014,7,"Feb 25- March 4, 2014",0,0,0,0,0,0,3,0,1,1,0,0,0,39,1,1,5,0,0,11,1,0,0,0,0,0,0,1,0,0,0,0,0,1,0,0,0,0,2,0,0,1,0,0,0,0,0,0,0,1,0,0,17,5,3,0,21,0,0,0,0,5,0,0,0,2,0,0,0,0,0,0,0,0,17,0,0,0,0,0,2,0,0,0,0,0,0,0,0,0,0,0,0,0,0,2,0,0,0,0,143
15770,Johnson Site 22,22,2/25/2014,7,"Feb 25- March 4, 2014",0,1,0,0,0,0,0,0,2,0,0,0,0,1,0,0,6,0,0,0,0,0,0,0,0,0,0,1,0,0,0,2,1,1,0,0,0,0,3,0,0,0,0,0,0,0,0,0,0,0,0,8,5,2,0,0,0,0,0,0,0,0,0,0,1,0,0,0,0,0,0,0,4,0,1,0,0,0,0,0,0,0,0,0,0,0,0,0,0,0,0,0,0,0,0,0,0,0,0,0,39
15751,Louie Site 20,20,2/28/2014,7,"Feb 28- March 7, 2014",0,0,0,0,0,0,0,0,0,0,0,0,0,3,0,0,1,0,0,0,2,0,0,0,0,0,0,0,0,0,0,0,0,0,0,0,0,0,0,0,0,0,0,0,0,0,0,0,0,0,0,0,2,1,0,0,1,0,0,0,0,0,0,0,0,0,1,0,0,0,0,0,0,0,1,0,0,0,0,0,0,0,0,0,0,0,0,0,0,0,0,0,0,0,1,0,0,0,0,0,13
15617,Wiegman Site 18,18,2/1/2014,9,"Feb. 1-10, 2014",0,0,0,0,0,0,0,0,0,0,0,0,0,116,3,0,3,1,0,1,1,0,0,0,1,0,0,3,0,0,0,0,0,0,0,0,0,0,5,0,0,0,0,0,0,0,0,1,0,0,0,0,2,3,1,0,81,0,0,0,0,1,0,0,1,0,1,0,0,0,0,0,0,0,10,0,0,0,0,0,0,0,0,0,0,0,0,0,0,0,0,0,0,0,0,0,0,0,0,0,235
15566,Louie Site 20,20,2/1/2014,6,"Feb. 1-7, 2014",0,0,0,0,0,0,0,0,0,0,0,0,0,8,0,0,0,1,0,0,0,0,1,0,0,0,0,0,0,0,0,0,0,0,0,0,0,0,0,0,0,0,0,0,0,0,0,0,0,0,0,1,0,0,0,0,0,0,0,0,0,0,0,0,0,0,0,0,0,0,0,0,0,0,1,0,0,0,0,0,0,0,0,0,0,0,0,0,0,0,0,0,0,0,0,0,0,0,0,0,12
15634,Steptoe Site 10,10,2/1/2014,7,"Feb. 1-8, 2014",0,0,0,0,0,0,0,0,0,0,0,0,0,21,0,0,1,0,0,0,0,0,0,0,0,0,0,0,0,0,0,0,0,0,0,0,0,0,0,0,0,0,0,0,0,0,0,0,0,0,0,0,1,0,0,0,1,0,0,0,0,0,0,0,0,0,0,0,0,0,0,0,1,0,0,0,0,0,0,0,0,0,0,0,0,0,0,0,0,0,0,0,0,0,0,0,0,0,0,0,25
15600,Oxborough Site 12,12,2/1/2014,7,"Feb. 1-8, 2014",0,0,0,0,0,0,0,0,5,0,0,0,0,17,0,0,1,0,0,0,0,0,0,0,0,0,0,0,0,0,0,0,0,0,0,0,0,0,0,0,0,1,0,0,0,0,0,0,0,0,0,0,9,0,0,0,3,0,0,0,0,0,0,0,0,1,0,0,0,0,0,0,0,0,3,1,0,0,0,0,0,0,0,0,0,0,0,0,0,0,0,0,0,0,0,1,0,0,0,0,42
15676,Hoffman Site 13,13,2/1/2014,7,"Feb. 1-8, 2014",0,1,0,0,0,0,0,1,0,0,0,0,0,7,0,9,0,1,0,3,0,0,0,0,0,0,0,0,0,0,0,0,1,1,0,0,0,0,4,0,0,1,0,1,0,0,0,0,40,0,0,9,1,0,13,0,2,0,0,0,0,4,1,0,0,1,0,0,0,0,0,0,0,0,2,0,0,0,0,0,0,0,0,0,0,0,0,0,0,0,0,0,0,0,0,0,0,1,0,0,104
15640,Harding Site 14,14,2/1/2014,7,"Feb. 1-8, 2014",0,0,0,0,0,0,0,0,0,0,0,0,0,8,0,4,0,1,3,2,0,0,0,0,0,0,0,0,0,0,0,0,0,0,0,0,0,0,1,0,0,0,0,0,0,0,0,0,0,0,0,24,2,0,1,0,11,0,0,0,0,0,0,0,0,0,0,0,0,0,0,1,0,0,3,0,0,0,0,0,0,0,0,0,0,0,0,0,0,0,0,0,0,0,0,0,0,0,0,0,61
15682,Defibaugh Site 15,15,2/1/2014,7,"Feb. 1-8, 2014",0,0,0,0,0,0,0,0,0,0,0,0,0,62,0,0,0,0,0,0,0,0,0,0,0,0,0,0,0,0,1,0,0,0,0,0,0,0,8,0,0,0,0,0,0,0,0,0,0,0,0,0,2,0,2,0,31,0,0,0,0,1,5,0,1,0,2,0,0,0,0,0,0,0,4,4,0,0,0,0,0,0,0,0,0,0,0,0,0,0,0,0,0,0,0,0,0,0,0,0,123
15670,Armstrong Site 17,17,2/1/2014,7,"Feb. 1-8, 2014",0,0,0,0,0,0,0,0,0,1,0,0,0,42,0,5,0,1,0,0,0,0,0,0,0,0,0,0,0,0,0,0,0,0,0,0,0,0,0,0,0,0,0,0,0,0,0,0,0,0,0,1,1,0,1,0,8,0,0,0,0,0,0,0,0,0,0,0,0,0,0,0,0,0,1,0,0,0,0,0,0,0,0,0,0,0,0,0,0,0,0,0,0,0,0,0,0,0,0,0,61
15664,Cianci Site 21,21,2/1/2014,7,"Feb. 1-8, 2014",0,0,0,0,0,0,0,0,0,0,0,0,0,13,0,4,3,0,0,0,0,0,0,0,0,0,0,0,0,0,0,0,0,1,0,0,0,0,4,0,0,0,0,0,0,0,0,0,0,0,0,2,5,0,0,0,6,0,0,0,0,0,0,0,0,0,0,0,0,0,0,0,0,0,5,0,0,0,0,0,0,0,0,0,0,0,0,0,0,0,0,0,0,0,0,0,0,0,0,0,43
15651,Hogue Site 24,24,2/1/2014,7,"Feb. 1-8, 2014",0,0,0,0,0,0,5,0,0,0,0,0,0,24,0,1,1,5,0,0,0,0,0,1,0,0,0,0,0,0,0,0,0,0,0,0,0,0,1,0,0,0,0,0,0,0,0,0,0,0,0,15,6,0,0,0,5,0,0,0,0,1,2,0,0,0,0,0,0,0,0,0,0,0,1,0,0,0,0,0,1,0,0,0,0,0,0,0,0,0,0,0,0,0,1,0,0,0,0,0,70
15689,Marquez Site 25,25,2/1/2014,7,"Feb. 1-8, 2014",0,0,0,0,0,0,2,0,0,0,0,0,0,4,0,1,0,1,0,0,0,0,0,0,0,0,0,0,0,0,0,0,0,0,0,0,0,0,1,0,0,0,0,0,0,0,0,0,0,0,0,2,0,4,0,0,8,0,0,0,0,1,0,0,2,1,0,0,0,0,0,0,1,0,2,0,0,0,0,0,0,0,0,0,0,0,0,0,0,0,0,0,0,0,0,0,0,0,0,0,30
15606,Lombard Site 26,26,2/1/2014,7,"Feb. 1-8, 2014",0,0,0,0,0,0,0,0,0,0,0,0,0,8,7,2,3,1,138,2,0,0,0,0,0,0,0,1,0,0,0,0,0,1,0,0,0,0,1,0,0,0,0,0,0,0,0,0,0,0,0,2,35,0,0,0,16,0,0,0,0,6,0,0,2,0,0,0,0,0,1,0,0,0,13,0,0,0,0,0,0,0,0,0,0,0,0,0,0,0,0,0,0,0,0,0,0,0,0,0,239
15726,Creason Site 27,27,2/1/2014,7,"Feb. 1-8, 2014",0,0,0,0,0,0,0,0,0,0,2,0,0,4,0,0,0,0,1,0,0,0,0,0,0,0,0,0,0,0,0,1,1,1,0,0,0,0,2,0,0,0,0,0,0,0,0,0,0,0,0,11,0,0,0,0,5,0,0,0,0,4,0,0,0,0,0,0,0,0,0,0,0,0,3,0,0,0,0,0,0,0,0,0,0,0,0,0,0,0,0,0,0,0,0,0,0,0,0,0,35
15710,Keller Site 28,28,2/1/2014,7,"Feb. 1-8, 2014",0,1,0,0,0,0,0,0,0,0,0,0,0,14,0,0,10,3,0,0,0,0,0,0,0,0,0,0,0,0,0,2,0,0,1,0,0,0,1,0,0,0,0,0,0,0,0,1,0,0,0,8,5,0,0,0,34,1,0,0,0,0,4,0,0,0,0,0,0,0,0,0,1,0,5,1,0,0,0,0,0,0,0,0,0,0,0,0,0,0,0,0,0,0,0,0,0,0,0,0,92
15703,Brejcha Site 29,29,2/1/2014,7,"Feb. 1-8, 2014",0,1,0,0,0,0,0,0,1,0,0,0,0,9,0,7,25,1,0,0,0,0,0,1,0,0,0,0,0,0,0,0,0,0,1,0,0,0,1,0,0,0,0,0,0,0,0,0,0,0,0,35,25,0,0,0,8,0,0,0,0,0,2,0,0,0,0,1,0,0,0,0,0,0,9,0,0,0,0,1,0,0,0,0,0,0,0,0,0,0,0,0,0,0,0,0,0,0,0,0,128
15763,Franco Site 30,30,2/1/2014,7,"Feb. 1-8, 2014",0,0,0,0,0,0,1,0,0,0,0,0,0,7,0,0,2,1,0,1,0,0,0,0,0,0,0,1,0,0,1,1,0,2,0,0,0,0,4,0,1,0,0,0,1,1,0,0,0,0,0,16,11,0,0,0,57,0,0,0,0,0,1,0,0,0,0,0,1,0,0,0,1,0,9,0,0,0,0,0,0,0,0,0,0,0,0,0,0,0,0,0,0,0,0,0,0,0,0,0,120
15655,Donahue Site 31,31,2/1/2014,7,"Feb. 1-8, 2014",0,1,0,0,0,0,0,0,0,0,0,0,0,20,0,1,0,1,1,0,0,0,0,1,0,0,0,0,0,0,0,0,16,12,0,0,0,0,7,0,0,0,0,2,0,0,0,0,0,0,0,6,4,0,9,0,7,0,0,0,0,0,0,0,0,0,0,0,2,0,1,1,0,0,15,0,0,0,0,0,0,0,0,0,0,0,0,0,0,0,0,0,0,0,0,0,0,0,2,0,109
15583,Pisano Site 4,4,2/1/2014,7,"Feb. 1-8, 2014",0,0,0,0,0,0,0,0,0,0,0,0,0,1,1,0,0,0,0,0,0,0,0,0,0,0,0,0,0,0,0,0,0,1,0,0,0,0,0,0,0,0,0,0,0,0,0,0,0,0,0,0,0,0,0,0,0,0,0,0,0,0,0,0,0,0,0,0,0,0,0,0,0,0,0,0,0,0,0,0,0,0,0,0,0,0,0,0,0,0,0,0,0,0,0,0,0,0,0,0,3
15589,Renwick Site 5,5,2/1/2014,7,"Feb. 1-8, 2014",0,0,0,0,0,0,0,0,1,1,0,0,0,1,0,0,0,1,2,1,0,0,0,0,0,0,0,1,0,0,0,0,0,2,0,0,0,0,0,0,1,0,0,0,0,0,0,0,0,0,0,3,1,0,0,0,7,0,0,0,0,4,1,0,0,0,0,0,0,0,0,0,0,0,0,0,0,0,0,0,0,0,0,0,0,0,0,0,0,0,0,0,0,0,0,0,0,0,0,0,27
15572,Koch Site 6,6,2/1/2014,7,"Feb. 1-8, 2014",0,1,0,0,0,0,0,0,1,1,0,0,0,3,1,8,0,0,0,0,0,0,0,0,3,0,0,0,0,0,0,0,0,0,0,0,0,0,0,0,0,0,0,0,0,0,0,0,0,0,0,5,3,0,1,0,8,0,0,0,0,0,1,0,0,0,0,0,0,0,0,0,0,0,3,0,0,0,0,0,1,0,0,0,0,0,0,0,1,0,0,0,0,0,0,0,0,0,0,0,41
15645,Hogg Site 7,7,2/1/2014,7,"Feb. 1-8, 2014",0,2,0,0,0,0,0,1,0,0,0,0,0,0,0,2,1,1,0,0,0,0,0,0,0,0,0,0,0,0,0,0,0,0,0,0,0,0,2,0,0,0,0,0,0,0,0,0,0,0,0,5,5,0,2,0,5,0,0,0,0,0,0,0,0,1,0,0,0,0,0,0,0,0,1,0,0,0,1,0,0,0,0,0,0,0,0,0,0,0,0,0,0,0,0,0,0,0,0,0,29
15627,Fujioka Site 8,8,2/1/2014,7,"Feb. 1-8, 2014",0,0,0,0,0,0,0,0,0,0,0,0,0,0,0,0,0,0,0,0,0,0,0,0,0,0,0,0,0,0,0,0,0,0,0,0,0,0,0,0,0,0,0,0,0,0,0,0,0,0,0,0,0,0,0,0,0,0,0,0,0,0,0,0,0,0,0,0,0,0,0,0,0,0,0,0,0,0,0,0,0,0,0,0,0,0,0,0,0,0,0,0,0,0,0,0,0,0,0,0,0
15696,Rodriguez Site 9,9,2/1/2014,7,"Feb. 1-8, 2014",0,0,0,0,0,0,0,0,0,0,0,0,0,0,0,0,0,1,0,0,0,0,0,0,0,0,0,0,0,0,0,0,2,0,0,0,0,0,0,0,0,0,0,0,0,0,0,0,0,0,0,0,1,0,0,0,0,0,0,0,0,0,0,0,0,0,0,0,0,0,0,0,0,0,2,0,0,0,0,0,0,0,0,0,0,0,0,0,0,0,0,0,0,0,0,0,0,0,0,0,6
15692,Marquez Site 25,25,2/22/2014,7,"Feb. 22- March 1, 2014",0,0,0,0,0,0,15,0,4,2,0,0,0,6,0,0,1,0,0,3,0,0,0,0,0,0,0,4,0,0,0,6,0,0,0,0,0,0,3,0,0,0,0,0,0,0,0,0,0,0,0,0,5,9,1,0,48,0,0,0,0,0,0,0,1,2,0,0,0,0,0,0,0,0,2,0,0,0,0,0,15,0,0,0,0,0,0,0,0,0,0,0,0,0,0,0,1,0,0,0,128
15801,Hein Site 16,16,2/26/2014,7,"Feb. 26- Mar. 5, 2014",0,0,0,0,0,0,5,0,6,1,0,0,0,16,0,0,5,1,0,1,0,0,0,0,0,0,0,1,0,0,0,1,0,0,0,0,0,0,5,0,0,5,0,0,0,0,0,2,0,0,0,3,30,15,1,0,35,0,0,0,0,0,0,1,0,8,1,0,0,0,0,0,0,0,7,0,0,0,0,0,6,0,0,0,0,0,0,0,0,0,0,0,0,0,0,0,0,0,0,0,156
15721,Hentschke Site 3,3,2/26/2014,7,"Feb. 26-Mar 5, 2014",0,0,0,0,0,0,0,0,0,0,0,1,0,22,0,0,8,0,0,0,0,0,0,0,0,0,0,0,0,0,0,0,0,0,0,0,0,0,1,1,0,0,0,0,0,0,0,0,0,0,0,0,2,0,1,1,18,0,0,0,0,5,0,0,0,0,0,0,0,0,0,0,0,0,5,0,0,0,0,0,1,0,0,0,0,0,0,0,0,0,0,0,0,0,0,0,0,0,0,0,66
15663,Higgins Site 23,23,2/26/2014,7,"Feb. 26-March 5, 2014",0,1,0,0,0,0,1,0,9,4,0,0,0,50,0,2,9,0,0,0,3,0,0,0,0,0,0,0,0,0,0,1,0,0,0,0,0,0,7,0,0,0,0,0,0,0,0,0,0,0,0,2,9,0,1,0,36,0,0,0,0,0,0,0,0,5,0,0,0,0,1,0,0,0,2,0,0,0,0,0,1,0,0,0,0,0,0,0,0,0,0,0,0,0,1,0,0,0,0,0,145
15644,Nature Garden Site 1,1,2/28/2014,7,"Feb. 28- March 7, 2014",0,0,0,0,0,0,0,0,0,0,0,0,0,1,0,0,1,0,2,0,0,0,0,0,0,0,0,0,0,0,0,0,0,2,0,0,0,0,1,0,0,2,0,0,0,0,0,0,0,3,0,3,4,4,1,0,16,0,0,0,0,0,0,2,0,0,0,1,0,0,0,0,0,0,6,0,0,0,0,0,6,0,0,0,0,0,0,0,0,0,0,0,0,0,0,0,0,0,0,0,55
15568,Koch Site 6,6,1/5/2014,4,"Jan 1-5, 2014",0,0,0,0,0,0,0,0,1,0,0,0,0,5,0,0,0,0,0,0,0,0,0,0,0,0,0,1,0,0,0,0,0,0,0,0,0,0,0,0,0,0,0,0,0,0,0,0,0,0,0,4,4,0,0,0,0,0,0,0,0,0,0,0,0,0,0,0,0,0,0,0,0,0,4,0,0,0,0,0,2,1,0,0,0,0,0,0,0,0,0,0,0,0,1,0,0,0,1,0,24
15556,Hentschke Site 3,3,1/2/2014,7,"Jan 2-8, 2014",0,0,0,0,0,0,0,0,0,0,0,2,0,27,0,0,0,0,2,0,1,0,0,0,0,0,0,0,0,0,0,0,0,0,0,0,0,0,0,0,0,0,0,0,0,0,0,0,0,0,0,0,0,0,0,0,1,0,0,0,0,1,0,0,0,0,0,0,0,0,0,0,1,0,0,0,0,0,0,0,1,0,0,0,0,0,0,0,0,0,0,0,0,0,0,0,0,0,0,0,36
15577,Johnson Site 22,22,1/28/2014,7,"Jan 28- Feb 4, 2014",0,0,0,0,0,0,0,0,0,0,0,0,0,1,0,0,1,0,0,0,0,0,0,0,0,0,0,1,0,0,0,0,1,0,0,0,0,0,0,0,0,0,0,0,0,0,0,0,0,0,0,0,1,0,0,0,0,0,0,0,0,0,0,0,0,0,0,0,0,0,0,0,0,0,2,0,0,0,0,0,0,0,0,0,0,0,0,0,0,0,0,0,0,0,0,0,0,0,0,0,7
15611,Hein Site 16,16,1/29/2014,7,"Jan 29- Feb 5, 2014",0,0,0,0,0,0,1,0,0,0,0,0,0,13,0,0,1,0,0,3,0,0,0,0,0,0,0,1,0,0,0,2,0,4,0,0,0,0,1,0,0,0,0,0,0,0,0,0,0,0,0,1,8,6,0,0,33,0,0,0,0,0,0,0,0,2,1,0,0,0,0,0,1,0,11,0,0,0,0,0,1,0,0,0,0,0,0,0,0,0,0,0,0,0,0,0,0,0,0,0,90
15560,Hentschke Site 3,3,1/29/2014,7,"Jan 29- Feb 5, 2014",0,0,0,0,0,0,0,0,0,0,0,0,0,12,0,0,0,1,0,0,0,0,0,0,0,0,0,0,0,0,0,1,0,0,0,0,0,0,0,0,0,0,0,0,0,0,0,0,0,0,0,0,0,1,0,0,5,0,0,0,0,1,0,0,0,0,0,0,0,0,0,0,0,0,10,0,0,0,0,0,0,0,0,0,0,0,0,0,0,0,0,0,0,0,0,0,0,0,0,0,31
15467,Nature Garden Site 1,1,1/3/2014,7,"Jan 3-10, 2014",0,0,0,0,0,0,0,0,0,0,0,0,0,13,1,0,1,0,0,1,0,0,0,0,0,0,0,0,0,0,0,0,0,6,0,0,0,0,1,0,0,0,0,0,0,0,0,0,0,1,0,1,4,0,1,0,10,0,0,0,0,1,0,3,0,0,1,0,0,0,0,0,0,0,1,0,0,0,0,0,4,0,0,0,0,0,1,0,0,0,0,0,0,0,0,0,0,0,0,0,51
15561,Nature Garden Site 1,1,1/31/2014,7,"Jan 31- Feb 9, 2014",0,0,0,0,0,0,0,0,0,0,0,0,0,9,1,0,0,3,0,0,0,0,0,0,0,0,0,0,0,0,0,0,0,1,0,0,0,0,0,0,0,0,0,0,0,0,0,0,0,1,0,0,2,0,1,0,18,0,0,0,0,0,0,1,0,0,0,0,0,0,0,0,0,0,0,0,0,0,0,0,0,0,0,0,0,0,0,0,0,0,0,0,0,0,0,0,0,0,0,0,37
15593,Carthay Site 19,19,1/28/2014,7,"Jan. 28- Feb. 4, 2014",0,0,0,0,0,0,2,0,2,0,0,0,0,12,1,4,8,0,0,7,0,0,0,0,0,0,0,2,0,0,0,0,0,0,0,0,0,0,0,0,0,2,0,0,0,0,0,0,0,0,0,0,10,0,2,0,12,0,0,0,0,1,0,0,0,1,0,0,0,0,0,0,0,0,23,0,0,0,0,0,0,0,0,0,0,0,0,0,0,0,0,0,0,0,0,0,0,0,0,0,89
15621,Ralph Site 11,11,1/28/2014,11,"Jan. 28- Feb. 8, 2014",0,0,0,0,0,0,0,0,0,0,0,0,0,2,0,0,0,0,0,0,0,0,0,0,0,0,0,1,0,0,0,0,0,0,0,0,0,0,3,0,0,0,0,0,0,0,0,0,0,0,0,0,1,4,0,0,0,0,0,0,0,0,0,0,0,0,1,2,0,0,0,0,0,0,5,0,0,0,0,0,1,0,0,0,0,0,0,0,0,0,0,0,0,0,0,0,0,0,0,0,20
15659,Higgins Site 23,23,1/29/2014,7,"Jan. 29- Feb. 5, 2014",0,0,0,0,0,0,0,0,0,2,0,0,0,20,0,0,1,1,0,0,0,0,0,0,0,0,0,0,1,0,0,0,1,0,0,0,0,0,2,0,0,0,0,0,0,0,0,0,0,0,0,0,5,0,0,0,16,0,0,0,0,0,0,0,1,3,0,0,0,0,0,0,0,0,2,0,0,0,0,0,0,0,0,0,0,0,0,0,0,0,0,0,0,0,0,0,0,0,0,0,55
15562,Louie Site 20,20,1/3/2014,7,"Jan. 3-10, 2014",0,0,0,0,0,0,0,0,0,0,0,0,0,9,0,0,2,0,0,0,0,0,0,0,0,0,0,0,0,0,0,0,0,0,0,0,0,0,0,0,0,0,0,0,0,0,0,0,0,0,0,0,0,0,0,0,0,0,0,0,0,0,0,0,0,0,0,0,0,0,0,0,0,0,3,0,0,0,0,0,1,0,0,0,0,0,0,0,0,0,0,0,0,0,0,0,0,0,0,0,15
16334,Carthay Site 19,19,7/1/2014,7,"July 1-8, 2014",0,0,0,0,0,4,16,0,1,0,0,3,0,18,1,0,0,0,0,1,0,0,0,0,0,0,0,1,0,0,0,0,0,0,0,0,0,0,3,1,0,0,0,0,0,0,0,0,0,1,0,0,3,3,0,0,32,0,0,13,0,1,0,0,0,1,0,0,0,0,1,0,70,0,36,0,0,0,0,0,23,1,0,0,0,0,0,0,0,0,0,0,0,0,2,0,0,0,0,0,236
16298,Johnson Site 22,22,7/1/2014,7,"July 1-8, 2014",0,0,0,0,0,2,0,0,0,0,0,1,0,3,0,0,0,0,0,0,0,0,0,0,0,0,0,0,0,0,0,0,0,0,0,0,0,0,2,1,0,0,0,0,0,0,0,0,0,0,0,0,3,0,0,0,0,0,0,0,0,0,0,0,0,0,0,0,0,0,0,0,0,0,1,0,0,0,0,0,1,0,0,0,0,0,0,0,0,0,0,0,0,0,0,0,0,0,0,0,14
16355,Higgins Site 23,23,7/1/2014,7,"July 2-16, 2014",0,0,0,0,0,7,0,0,1,0,0,1,0,69,0,0,1,0,0,1,0,0,0,0,0,0,0,0,0,0,0,0,2,0,0,0,0,0,0,1,0,0,0,0,0,0,0,0,0,0,0,0,19,0,0,0,22,0,0,44,0,0,0,0,0,0,0,0,0,0,3,0,2,0,1,0,0,0,0,0,28,0,0,0,0,0,0,0,0,0,0,0,0,0,6,0,0,0,0,0,208
16341,Hein Site 16,16,7/1/2014,7,"July 2-9, 2014",0,0,0,0,0,23,6,0,15,0,0,1,0,20,1,0,0,0,0,0,1,0,0,0,0,0,0,3,0,0,0,7,0,7,0,0,0,0,5,13,0,1,0,0,0,0,0,1,0,1,0,0,7,39,0,0,20,0,0,38,0,0,0,0,0,0,1,0,0,0,0,0,4,0,35,0,0,0,0,0,44,5,0,0,0,0,0,0,0,0,0,0,0,0,10,1,0,0,0,0,309
16251,Hentschke Site 3,3,7/1/2014,7,"July 2-9, 2014",0,0,0,0,0,10,0,0,0,1,0,9,0,26,0,0,0,0,1,0,0,0,0,0,0,0,0,0,0,0,0,0,1,1,0,0,0,0,2,6,0,0,0,0,0,0,0,0,0,3,0,0,8,4,0,0,0,0,0,0,0,0,0,0,0,0,0,0,0,0,2,0,5,0,13,0,0,0,0,0,20,1,0,0,0,0,0,0,0,0,0,0,0,0,1,0,0,0,1,0,115
16338,Carthay Site 19,19,7/29/2014,7,"July 29- Aug 5, 2014",0,0,0,0,0,1,13,0,0,0,0,1,0,56,3,0,0,0,0,1,1,0,0,0,1,0,0,0,0,0,0,1,0,1,1,1,0,0,2,7,0,0,0,0,0,0,0,0,0,1,0,0,1,5,0,0,11,0,0,22,0,1,0,0,0,0,0,0,0,0,0,0,74,0,15,0,0,0,0,0,17,1,0,0,0,0,0,0,0,0,0,0,0,0,3,0,0,0,0,0,241
16302,Johnson Site 22,22,7/29/2014,7,"July 29- Aug 5, 2014",0,0,0,0,0,0,0,0,0,0,0,0,0,3,0,0,0,0,0,0,0,0,0,0,0,0,0,0,0,0,0,0,0,0,0,0,0,0,0,0,0,0,1,0,0,0,0,0,0,0,0,0,1,0,0,0,0,0,0,0,0,0,0,0,0,0,0,0,0,0,0,0,1,0,0,0,0,0,0,0,0,0,0,0,0,0,0,0,0,0,0,0,0,0,0,0,0,0,0,0,6
16239,Franco Site 30,30,7/3/2014,5,"July 3-8, 2014",0,0,0,0,0,3,1,0,0,0,0,0,0,70,0,0,0,0,0,0,1,0,0,0,2,0,0,0,0,0,0,2,1,0,0,0,0,0,5,0,0,0,0,0,0,29,0,0,0,0,0,0,17,3,0,0,9,0,0,2,4,3,0,0,0,0,0,0,0,0,13,0,11,0,20,1,0,0,0,0,3,1,0,0,0,3,0,0,0,0,0,0,0,0,0,0,0,0,0,0,204
16345,Hein Site 16,16,7/30/2014,7,"July 30- Aug 6, 2014",0,0,0,0,0,5,2,0,8,1,0,1,0,14,0,0,0,0,0,0,2,0,0,0,0,0,0,0,0,0,0,4,0,3,0,0,0,0,1,6,0,0,0,0,0,0,0,0,0,1,0,0,9,6,0,0,3,0,0,17,0,0,0,0,0,1,0,0,0,0,2,0,7,0,34,0,0,0,0,0,25,3,0,0,0,0,0,0,0,0,0,0,0,0,4,0,0,0,0,0,159
16358,Higgins Site 23,23,7/30/2014,7,"July 30- Aug 6, 2014",0,0,0,0,0,1,0,0,0,0,0,0,0,13,0,0,0,0,0,0,0,0,0,0,0,0,0,0,0,0,0,0,0,0,0,0,0,0,0,0,0,0,0,0,0,0,0,0,0,0,0,0,2,0,0,0,0,0,0,15,0,0,0,0,0,0,0,0,0,0,1,0,3,0,1,0,0,0,0,0,18,0,0,0,0,1,0,0,0,0,0,0,0,0,1,0,0,0,0,0,56
16397,Hentschke Site 3,3,7/30/2014,7,"July 30- Aug 6, 2014",0,0,0,0,0,0,0,0,0,0,0,1,0,6,0,0,0,0,0,0,0,0,0,0,0,0,0,0,0,0,0,0,0,0,0,0,0,0,0,4,0,0,1,0,0,0,0,0,0,0,0,0,2,0,0,0,0,0,0,0,0,0,0,0,0,0,2,0,0,0,0,0,1,0,2,0,0,0,0,0,7,0,0,0,0,0,0,0,0,0,0,0,0,0,0,0,0,0,0,0,26
16161,Ralph Site 11,11,6/1/2014,5,"June 1-6, 2014",0,0,0,0,0,2,1,0,0,0,0,0,0,2,0,0,0,0,0,0,0,0,0,0,0,0,0,0,0,0,0,0,0,0,0,0,0,0,2,0,0,0,0,0,0,0,0,0,0,0,0,0,1,0,0,0,2,0,0,0,0,1,0,0,0,0,1,6,0,0,0,0,0,0,18,0,0,0,0,0,1,0,0,0,0,0,0,0,0,0,0,0,0,0,0,0,0,0,0,0,37
16273,Louie Site 20,20,6/27/2014,7,"June 27- July 4, 2014",0,0,0,0,0,0,1,0,0,0,0,0,0,17,1,0,0,0,0,0,2,0,0,0,0,0,0,0,0,0,0,0,2,0,0,0,0,0,1,0,0,0,0,0,0,0,0,0,0,1,0,0,1,0,0,0,0,0,0,1,0,0,0,0,0,0,0,0,0,0,1,0,0,0,3,0,0,0,0,0,1,0,0,0,0,0,0,0,0,0,0,0,0,0,1,0,0,0,1,0,34
16170,Nature Garden Site1,1,6/27/2014,6,"June 27-July 3, 2014",0,0,0,0,0,4,0,0,0,0,0,0,0,6,0,0,0,0,2,0,1,0,0,0,0,0,0,0,0,0,0,0,0,3,0,0,0,0,2,0,0,0,0,0,0,0,0,1,0,0,0,0,3,4,0,0,1,0,0,0,0,0,0,0,0,0,0,0,0,0,2,0,1,0,12,1,0,0,0,0,22,0,0,0,0,1,0,0,0,0,0,0,0,0,0,0,0,0,0,0,66
16291,Steptoe Site 10,10,6/28/2014,7,"June 28- July 5, 2014",0,0,0,0,0,0,0,0,1,0,0,0,0,8,0,0,0,0,0,1,0,0,0,0,0,0,0,0,0,0,0,0,1,0,0,0,0,0,0,0,0,0,0,0,0,0,0,0,0,0,0,0,11,0,0,0,0,0,0,0,0,1,0,0,0,0,0,0,0,0,0,0,2,0,2,0,0,0,0,0,9,0,0,0,0,0,0,0,0,0,0,0,0,0,0,0,0,0,0,0,36
16316,Ralph Site 11,11,6/28/2014,7,"June 28- July 5, 2014",0,0,0,0,0,1,0,0,0,0,0,0,0,2,0,0,0,0,0,0,0,0,0,0,0,0,0,2,0,0,0,0,1,0,0,0,0,0,0,1,0,0,0,0,0,0,0,0,0,0,0,0,1,1,0,0,0,0,0,0,0,0,0,0,0,0,0,1,0,0,0,0,0,0,1,0,0,0,0,0,2,0,0,0,0,0,0,0,0,0,0,0,0,0,0,0,0,0,0,0,13
16323,Oxborough Site 12,12,6/28/2014,7,"June 28- July 5, 2014",0,0,0,0,0,3,0,0,4,1,0,1,0,8,2,0,0,0,0,2,0,0,0,0,0,0,0,0,0,0,0,0,3,0,0,0,0,0,1,0,0,0,1,0,0,0,0,0,0,0,0,0,15,2,0,0,0,0,0,3,0,0,0,0,0,3,0,0,0,0,1,0,0,0,5,0,0,0,0,0,3,0,0,0,0,0,0,0,0,0,0,0,0,0,1,0,0,0,0,0,59
16211,Hoffman Site 13,13,6/28/2014,7,"June 28- July 5, 2014",4,0,0,0,2,3,2,0,0,0,0,0,0,12,2,0,2,0,1,0,2,2,0,0,1,0,0,0,0,0,0,0,3,0,0,0,0,0,3,0,0,0,0,0,0,2,7,0,0,0,0,3,20,0,0,0,3,0,1,1,76,2,17,0,0,0,0,0,0,0,0,0,0,0,48,3,0,0,0,0,4,1,1,1,0,1,0,0,0,0,8,0,3,0,0,1,1,3,2,1,249
16347,Harding Site 14,14,6/28/2014,7,"June 28- July 5, 2014",0,0,0,0,0,2,6,0,0,0,0,0,0,12,0,0,0,0,0,1,3,0,0,0,0,0,0,0,0,0,0,0,1,0,0,0,0,0,0,0,0,0,0,0,0,0,0,0,0,0,0,0,3,0,0,0,0,0,0,0,0,2,0,0,0,0,0,0,0,0,11,0,0,0,8,0,0,0,0,0,1,1,0,0,0,5,0,0,0,0,0,0,0,0,0,0,0,0,0,0,56
16263,Defibaugh Site 15,15,6/28/2014,7,"June 28- July 5, 2014",0,0,0,0,0,0,0,0,0,0,0,0,0,36,0,0,0,0,0,0,0,0,0,0,0,0,0,0,0,0,0,0,0,0,0,0,0,0,1,0,0,0,0,0,0,0,0,0,0,0,0,0,15,2,0,0,7,0,0,1,0,0,1,0,0,0,15,0,0,0,1,0,0,0,3,0,0,0,0,0,10,0,0,0,0,0,0,0,0,0,0,0,0,0,2,0,0,0,0,0,94
16200,Armstrong Site 17,17,6/28/2014,7,"June 28- July 5, 2014",0,0,0,0,0,8,0,0,1,1,0,0,0,57,3,0,0,0,0,0,3,0,0,0,1,0,0,0,0,0,0,0,1,0,0,1,0,0,4,0,0,0,0,0,0,0,0,0,0,0,0,0,10,1,0,0,10,0,0,122,0,1,0,0,0,0,0,2,0,0,3,0,1,0,1,3,0,0,0,0,37,0,0,0,0,0,0,0,0,0,0,0,0,0,2,0,0,0,0,0,273
16305,Wiegman Site 18,18,6/28/2014,7,"June 28- July 5, 2014",0,0,0,0,0,1,0,0,1,0,0,0,0,38,1,0,0,0,1,0,1,0,0,0,0,0,0,0,0,0,0,0,1,1,0,0,0,0,5,0,0,0,0,0,0,0,0,0,0,0,0,1,15,6,0,0,1,0,0,0,0,1,0,0,0,1,5,1,0,0,4,0,1,0,8,0,0,0,0,0,14,1,0,0,0,0,0,0,0,0,0,0,0,0,0,0,0,0,0,0,109
16217,Cianci Site 21,21,6/28/2014,7,"June 28- July 5, 2014",0,0,0,0,0,0,0,0,0,0,0,0,0,35,0,0,0,0,0,0,0,0,0,0,0,0,0,0,0,0,0,0,5,0,0,0,0,0,0,0,0,0,0,0,0,0,0,0,0,0,0,0,1,0,0,0,0,0,0,0,0,0,0,0,0,0,0,0,0,0,1,0,0,0,19,0,0,0,0,0,0,0,0,0,0,0,0,0,0,0,0,0,0,0,0,0,0,0,0,0,61
16187,Hogue Site 24,24,6/28/2014,7,"June 28- July 5, 2014",0,0,0,0,0,0,1,0,4,0,0,0,0,36,0,0,0,1,0,0,0,0,0,0,1,0,0,0,0,0,0,0,0,0,0,0,0,0,0,1,0,0,0,0,0,0,0,0,0,1,0,0,15,1,0,0,0,0,0,7,0,0,0,0,0,0,0,0,0,0,3,0,0,0,2,0,0,0,0,0,7,0,0,0,0,3,0,0,0,0,0,0,0,0,0,0,0,0,0,0,83
16257,Marquez Site 25,25,6/28/2014,7,"June 28- July 5, 2014",0,0,0,0,0,3,10,0,1,0,0,2,0,8,0,0,0,0,0,1,0,0,0,0,0,0,0,0,0,0,0,0,1,0,0,0,0,0,1,0,0,0,0,0,0,0,0,0,0,0,0,0,4,2,0,0,0,0,0,0,0,1,0,0,0,0,1,0,0,0,2,0,5,0,6,0,0,0,0,0,5,0,0,0,0,0,0,0,0,0,0,0,0,0,0,1,0,0,0,0,54
16311,Lombard Site 26,26,6/28/2014,7,"June 28- July 5, 2014",0,0,0,0,0,0,0,0,1,0,0,0,0,5,0,0,2,0,2,0,0,0,0,0,0,0,0,0,0,0,0,0,0,0,0,0,0,0,0,0,0,0,0,0,0,0,0,0,0,0,0,0,10,0,0,0,0,0,0,0,0,0,0,0,0,0,0,0,0,0,0,0,0,0,7,0,0,0,0,0,0,1,0,0,0,0,0,0,0,0,0,0,0,0,0,0,0,0,0,0,28
16222,Creason Site 27,27,6/28/2014,7,"June 28- July 5, 2014",0,0,0,0,0,0,0,0,0,0,0,1,0,54,0,0,0,0,1,0,3,0,0,0,0,0,0,0,0,0,0,0,0,0,0,0,0,0,0,0,0,0,0,0,0,0,0,0,0,0,0,1,1,0,0,0,89,0,0,0,0,1,0,0,0,0,0,0,0,0,0,0,0,0,11,0,0,0,0,0,0,0,0,0,0,1,0,0,0,0,0,0,0,0,0,0,0,0,0,0,163
16233,Brejcha Site 29,29,6/28/2014,7,"June 28- July 5, 2014",0,0,0,0,0,0,0,0,1,0,0,0,0,6,0,0,0,0,0,0,1,0,0,0,18,0,0,0,0,0,0,1,0,0,0,0,0,0,3,0,0,1,0,0,0,0,0,0,0,0,0,0,6,0,0,0,0,0,0,4,0,0,0,0,0,0,0,0,0,0,17,0,0,0,3,0,0,0,0,0,0,0,0,0,0,7,0,0,0,0,0,0,0,0,0,0,0,0,0,0,68
16206,Donahue Site 31,31,6/28/2014,7,"June 28- July 5, 2014",0,0,0,0,0,5,2,0,0,0,0,0,0,13,4,0,1,0,0,0,1,0,0,0,0,0,0,0,1,0,0,0,1,4,0,0,0,0,0,1,0,0,0,0,0,0,0,0,0,0,0,0,2,0,0,0,0,0,0,2,1,0,0,0,0,0,0,0,0,0,3,0,0,0,6,0,0,0,0,0,0,1,0,0,0,1,0,0,0,0,0,0,0,0,1,0,0,0,2,0,52
16285,Pisano Site 4,4,6/28/2014,7,"June 28- July 5, 2014",0,0,0,0,0,5,0,0,0,1,0,0,0,19,3,0,1,0,0,0,7,0,0,0,0,0,0,0,0,0,0,0,0,0,0,0,0,1,1,0,0,0,0,0,0,0,0,0,0,0,0,1,5,1,0,0,3,0,0,10,1,0,0,0,0,0,2,0,0,0,0,0,1,0,6,0,0,0,0,0,10,0,0,0,0,1,0,0,0,0,0,0,0,0,1,0,0,0,0,0,80
16268,Renwick Site 5,5,6/28/2014,7,"June 28- July 5, 2014",0,0,0,0,0,15,22,0,4,2,0,1,0,26,3,0,1,0,0,0,42,0,0,0,0,0,0,0,0,0,0,1,0,2,0,0,0,0,20,2,0,0,0,0,0,0,0,0,0,1,0,0,17,459,1,0,9,0,0,2,0,6,0,0,0,0,0,0,0,0,0,0,125,0,43,0,0,0,0,0,18,0,0,0,0,12,0,0,0,0,0,0,0,0,4,0,0,0,0,0,838
16193,Hogg Site 7,7,6/28/2014,7,"June 28- July 5, 2014",0,0,0,0,0,5,0,0,1,0,0,0,0,5,1,0,0,0,0,0,1,0,0,0,0,0,0,0,0,0,0,0,0,0,0,0,0,0,1,3,0,0,0,0,0,0,0,0,0,0,0,0,1,1,0,0,0,0,3,0,0,0,0,0,0,0,0,0,0,0,3,0,0,0,0,0,0,0,0,0,1,0,0,0,0,0,0,0,0,0,0,0,0,0,0,0,0,0,0,0,26
16328,Fujioka Site 8,8,6/28/2014,7,"June 28- July 5, 2014",0,0,0,0,0,0,0,0,0,0,0,0,0,0,0,0,0,0,0,0,0,0,0,0,0,0,0,0,0,0,0,0,0,0,0,0,0,0,0,0,0,0,0,0,0,0,0,0,0,0,0,0,0,0,0,0,0,0,0,0,0,0,0,0,0,0,0,0,0,0,0,0,0,0,0,0,0,0,0,0,0,0,0,0,0,0,0,0,0,0,0,0,0,0,0,0,0,0,0,0,0
16227,Rodriguez Site 9,9,6/28/2014,7,"June 28- July 5, 2014",0,0,0,0,0,0,0,0,0,0,0,0,0,0,0,0,0,0,0,0,0,0,0,0,0,0,0,0,0,0,0,0,0,0,0,0,0,0,0,0,0,0,0,0,0,0,0,0,0,0,0,0,0,0,0,0,0,0,0,0,0,0,0,0,0,0,0,0,0,0,0,0,0,0,0,0,0,0,0,0,0,0,0,0,0,0,0,0,0,0,0,0,0,0,0,0,0,0,0,0,0
16280,Koch Site 6,6,6/29/2014,7,"June 29- July 6, 2014",0,0,0,0,0,3,0,0,7,0,0,0,0,14,6,0,0,0,0,0,3,0,0,0,16,0,0,0,0,0,0,0,0,0,0,0,0,0,1,0,0,0,0,0,0,0,0,0,0,7,0,0,8,3,0,0,4,0,0,20,1,1,0,0,0,0,1,0,0,0,1,0,5,0,16,0,0,0,0,0,9,3,0,0,0,19,0,0,0,0,0,0,0,0,0,0,0,0,2,0,150
16245,Keller Site 28,28,6/30/2014,6,"June 30-July 6, 2014",0,0,0,0,0,5,0,0,5,0,0,2,0,27,0,0,2,0,0,2,20,0,0,0,32,0,0,0,0,0,0,1,1,0,0,0,0,0,8,2,0,0,1,0,0,0,0,0,0,2,0,0,22,9,0,0,9,0,0,28,0,2,0,0,0,0,0,0,0,0,7,0,3,0,8,1,0,0,0,0,40,1,0,0,0,0,0,0,0,0,0,0,0,0,16,0,0,0,0,0,256
16137,Hein Site 16,16,6/4/2014,14,"June 4-18, 2014",0,0,0,0,0,4,32,0,4,1,0,1,0,25,1,0,1,0,0,2,0,0,0,0,0,0,0,0,0,0,0,9,0,2,0,0,0,0,8,5,0,0,0,0,0,0,0,0,0,0,0,0,20,18,0,0,80,0,0,37,0,2,0,0,0,4,2,0,0,0,2,0,1,0,27,0,0,0,0,0,30,11,0,1,0,0,0,0,0,0,0,0,0,0,3,0,0,0,0,0,333
15775,Nature Garden Site 1,1,3/28/2014,7,"Mar 28-April 4, 2014",0,0,0,0,0,0,0,0,0,0,0,0,0,3,0,0,1,0,1,0,0,0,0,0,0,0,0,0,0,0,0,0,0,3,0,0,0,0,3,0,0,0,0,0,0,0,0,0,0,1,0,0,4,1,2,0,4,0,0,0,0,1,0,0,0,0,0,0,0,0,1,0,0,0,5,0,0,0,0,0,9,0,0,0,0,0,0,0,0,0,0,0,0,0,0,1,0,0,1,0,41
15939,Koch Site 6,6,3/29/2014,16,"Mar 29- April 14, 2014",0,2,0,0,0,0,1,0,7,1,0,1,0,75,20,5,13,2,5,0,2,0,0,0,1,0,0,8,0,0,0,0,12,9,0,0,0,0,13,0,0,0,0,0,0,0,0,0,0,1,0,17,26,1,8,0,13,0,0,16,0,6,0,0,0,1,0,0,0,0,1,0,0,0,50,0,0,0,0,0,12,2,0,0,0,16,0,0,0,0,0,0,0,0,10,1,0,0,3,0,361
15927,Steptoe Site 10,10,3/29/2014,7,"Mar 29- April 5, 2014",0,0,0,0,0,0,0,0,0,0,0,0,0,5,0,0,5,0,0,0,0,0,0,0,0,0,0,1,0,0,0,0,0,0,0,0,0,0,4,0,0,0,0,0,0,0,0,0,0,0,0,0,2,0,0,0,0,0,0,0,0,1,0,0,0,0,0,0,0,0,0,0,0,0,1,0,0,0,0,0,0,0,0,0,0,0,0,0,0,0,0,0,0,0,1,0,0,0,0,0,20
15943,Oxborough Site 12,12,3/29/2014,7,"Mar 29- April 5, 2014",0,0,0,0,0,0,0,0,22,7,0,0,0,20,0,0,6,0,1,0,0,0,0,0,0,0,0,3,0,0,0,0,0,0,0,0,0,0,2,0,0,0,0,0,0,0,0,0,0,0,0,0,40,1,0,0,11,0,0,0,0,2,0,0,0,2,0,0,0,0,0,0,1,0,5,0,0,0,0,0,0,0,0,0,0,0,0,0,0,0,0,0,0,0,0,0,0,0,0,0,123
15851,Hoffman Site 13,13,3/29/2014,7,"Mar 29- April 5, 2014",0,2,0,0,0,0,3,0,0,0,0,0,1,12,4,6,4,3,0,0,0,0,0,0,0,1,0,0,0,0,2,0,0,3,0,0,0,0,35,0,0,0,0,0,0,1,4,0,0,0,0,11,11,0,38,0,10,0,0,0,0,9,0,0,0,3,0,0,0,0,0,0,0,0,12,3,0,0,0,0,0,0,0,3,0,0,0,1,0,0,0,1,0,2,0,0,2,1,1,0,189
15828,Harding Site 14,14,3/29/2014,7,"Mar 29- April 5, 2014",0,0,0,0,0,0,0,0,1,0,2,0,0,17,0,1,4,0,1,0,0,0,0,0,0,0,0,0,0,0,0,0,0,0,0,0,0,0,5,0,0,0,0,0,0,0,0,0,0,0,0,5,18,0,0,0,11,0,0,1,0,1,0,0,0,1,0,0,0,0,0,0,1,0,3,0,0,0,0,0,1,0,0,0,0,3,0,0,0,0,0,0,0,0,0,0,0,0,0,0,76
15903,Defibaugh Site 15,15,3/29/2014,7,"Mar 29- April 5, 2014",0,0,0,0,0,0,0,0,0,0,0,0,0,90,1,0,25,0,0,0,0,0,0,0,0,0,0,0,0,0,2,0,0,0,0,0,0,0,5,0,0,0,0,0,0,0,0,0,0,0,0,0,32,0,1,0,6,0,0,0,0,4,1,0,0,0,0,0,0,0,0,0,3,0,1,7,0,0,0,0,4,0,0,0,0,0,0,0,0,0,0,0,0,0,2,0,0,0,0,0,184
15911,Armstrong Site 17,17,3/29/2014,7,"Mar 29- April 5, 2014",0,0,0,0,0,0,0,0,2,4,0,1,0,32,0,0,15,0,0,0,0,0,0,0,0,0,0,1,0,0,0,0,0,0,0,0,0,0,4,0,0,0,0,0,0,0,0,0,0,0,0,1,14,0,2,0,1,0,0,1,0,1,0,0,0,2,0,0,0,0,0,0,0,0,2,0,0,0,0,0,2,0,0,0,0,0,0,0,0,0,0,0,0,0,1,0,0,0,0,0,86
15968,Wiegman Site 18,18,3/29/2014,7,"Mar 29- April 5, 2014",0,0,0,0,0,0,1,0,2,5,0,0,0,229,6,0,71,1,0,0,1,0,0,0,0,0,0,6,0,0,0,0,0,5,0,0,0,0,10,0,0,0,1,0,0,0,0,0,0,0,0,0,105,13,0,0,52,0,0,4,0,32,0,0,0,0,5,0,0,0,1,0,1,0,38,0,0,0,0,0,13,0,0,0,0,0,0,0,0,0,0,0,0,0,4,0,0,0,0,0,606
15817,Cianci Site 21,21,3/29/2014,7,"Mar 29- April 5, 2014",0,0,0,0,0,0,0,0,0,0,0,0,0,101,0,0,5,0,0,0,0,0,0,0,0,0,0,0,0,0,0,0,0,0,0,0,0,0,2,0,0,0,0,0,0,0,0,0,0,0,0,0,0,0,0,0,0,0,0,0,0,0,0,0,0,0,0,0,0,0,0,0,0,0,1,0,0,0,0,0,0,0,0,0,0,0,0,0,0,0,0,0,0,0,0,0,0,0,0,0,109
15846,Hogue Site 24,24,3/29/2014,7,"Mar 29- April 5, 2014",0,2,0,0,0,0,10,0,7,3,0,0,0,26,0,1,49,1,1,0,1,0,0,0,0,0,0,2,0,0,0,0,0,0,0,0,0,0,55,0,0,0,0,0,0,0,0,0,0,1,0,20,31,0,2,0,4,0,0,0,0,0,0,0,0,0,0,0,0,0,0,0,0,0,5,2,0,0,0,0,1,0,0,0,0,1,0,0,0,0,0,0,0,0,0,0,0,0,0,0,225
15882,Marquez Site 25,25,3/29/2014,7,"Mar 29- April 5, 2014",0,0,0,0,0,0,7,0,1,0,0,0,0,4,0,0,2,0,0,1,0,0,0,0,0,0,0,3,0,0,0,1,0,0,0,0,0,0,11,0,0,0,0,0,0,0,0,0,0,0,0,0,7,7,1,0,16,0,0,0,0,0,0,0,1,4,0,0,0,0,0,0,2,0,3,0,0,0,0,0,6,0,0,0,0,0,0,0,0,0,0,0,0,0,0,4,0,0,0,0,81
15956,Lombard Site 26,26,3/29/2014,7,"Mar 29- April 5, 2014",0,0,0,0,0,0,0,0,1,0,0,0,0,11,4,0,8,0,18,1,1,0,0,0,0,0,0,1,0,0,0,0,0,1,0,0,0,1,4,0,0,0,0,0,0,0,0,0,0,0,0,0,6,1,1,0,6,0,0,0,0,1,0,0,0,0,0,0,0,0,0,0,0,0,11,0,0,0,0,0,0,0,0,0,0,0,0,0,0,0,0,0,0,0,0,0,0,0,0,0,77
15892,Creason Site 27,27,3/29/2014,7,"Mar 29- April 5, 2014",0,0,0,0,0,0,0,0,0,0,0,0,0,9,0,0,0,0,0,0,0,0,0,0,0,0,0,0,0,0,0,0,1,0,0,0,0,0,0,0,0,0,0,0,0,0,0,0,0,0,0,1,2,0,0,0,3,0,0,0,0,0,0,0,0,0,0,0,0,0,0,0,0,0,0,0,0,0,0,0,0,0,0,0,0,0,0,0,0,0,0,0,0,0,0,0,0,0,0,0,16
15871,Keller Site 28,28,3/29/2014,7,"Mar 29- April 5, 2014",0,0,0,0,0,0,0,0,12,1,1,0,0,79,2,0,82,0,0,1,0,0,0,0,0,0,0,4,0,0,0,0,0,0,0,0,0,0,13,0,0,0,0,0,0,0,0,1,0,0,0,1,18,1,0,0,17,0,0,2,0,1,0,0,0,1,1,0,0,0,0,0,0,0,13,2,0,0,0,0,0,0,0,0,0,0,0,0,0,0,0,0,0,0,0,0,0,0,0,0,253
15865,Brejcha Site 29,29,3/29/2014,7,"Mar 29- April 5, 2014",0,1,0,0,0,0,0,0,14,1,1,0,0,20,0,0,42,0,1,0,0,0,0,0,0,0,0,0,0,0,0,0,0,0,0,0,0,0,4,0,0,1,0,0,0,0,0,0,0,0,0,7,2,1,2,0,2,0,0,0,0,0,0,0,0,0,0,0,0,0,0,0,0,0,5,1,0,0,0,0,0,0,0,0,0,1,0,0,0,0,0,0,0,0,0,0,0,0,0,0,106
15840,Donahue Site 31,31,3/29/2014,7,"Mar 29- April 5, 2014",0,2,0,0,0,0,0,0,0,0,0,0,0,17,0,3,3,0,2,0,0,0,0,0,0,0,0,1,0,0,0,0,8,2,0,0,0,0,8,0,0,0,0,0,0,0,0,0,0,0,0,2,4,2,3,0,0,0,0,0,0,1,1,0,0,0,0,0,0,0,0,0,0,0,1,1,0,0,0,0,0,0,0,0,0,0,0,0,1,0,0,0,0,0,0,0,0,0,20,0,82
15916,Renwick Site 5,5,3/29/2014,7,"Mar 29- April 5, 2014",0,0,0,0,0,0,3,0,1,3,0,1,0,7,0,0,4,0,2,1,2,0,0,0,0,0,0,2,0,0,0,0,0,3,0,0,0,0,8,0,0,0,0,0,0,0,0,0,0,0,0,1,18,3,1,0,7,0,0,0,0,9,0,0,0,1,0,0,0,0,0,0,0,0,5,0,0,0,0,0,0,0,0,0,0,0,0,0,0,0,0,0,0,0,0,0,0,0,0,0,82
15834,Hogg Site 7,7,3/29/2014,7,"Mar 29- April 5, 2014",0,1,0,0,0,0,0,0,1,0,0,0,0,9,0,0,56,0,2,0,0,0,0,0,0,0,0,1,0,0,0,1,0,0,0,0,0,0,4,0,0,0,0,0,0,2,0,0,0,0,0,4,9,0,0,0,0,0,0,0,0,1,0,0,0,0,0,0,0,0,0,0,0,0,2,0,0,0,0,0,1,0,0,0,0,1,0,0,0,0,0,0,0,0,0,0,0,0,0,0,95
15962,Fujioka Site 8,8,3/29/2014,7,"Mar 29- April 5, 2014",0,0,0,0,0,0,0,0,0,0,0,0,0,2,0,0,0,0,0,0,0,0,0,0,0,0,0,0,0,0,0,0,0,0,0,0,0,0,1,0,0,0,0,0,0,0,0,0,0,0,0,0,0,0,0,0,0,0,0,0,0,0,0,0,0,0,0,0,0,0,0,0,0,0,1,0,0,0,0,0,0,0,0,0,0,0,0,0,0,0,0,0,0,0,0,1,0,0,0,0,5
15877,Rodriguez Site 9,9,3/29/2014,7,"Mar 29- April 5, 2014",0,0,0,0,0,0,0,0,0,1,1,0,0,20,0,0,7,0,0,0,3,0,0,0,0,0,0,0,0,0,0,0,2,0,0,0,0,0,0,0,0,0,0,0,0,0,0,0,0,0,0,0,5,1,0,0,8,0,0,0,0,0,0,0,0,1,0,0,0,0,0,0,0,0,3,0,0,0,0,0,0,0,0,0,0,0,0,0,0,0,0,0,0,0,0,0,0,0,0,0,52
15950,Pisano Site 4,4,3/29/2014,6,"Mar 29-April 4, 2014",0,0,0,0,0,0,0,0,1,0,0,0,0,54,6,0,11,1,5,0,1,0,0,0,0,0,0,0,0,0,0,0,2,1,0,0,0,0,0,0,0,0,0,0,0,0,0,0,0,0,0,10,7,0,1,0,3,0,0,1,0,3,0,0,0,1,4,0,1,0,0,0,0,0,11,0,0,0,0,0,2,0,0,0,0,0,0,0,1,0,0,0,0,0,2,0,0,0,8,0,137
15757,Pisano Site 4,4,3/1/2014,14,"March 1-15, 2014",0,3,0,0,0,0,0,2,0,0,0,0,0,58,13,1,2,1,3,0,0,0,0,0,0,0,0,0,0,0,0,0,0,2,0,0,0,1,0,0,0,1,0,0,0,0,1,0,0,0,0,7,4,1,2,0,11,0,0,0,1,0,0,0,0,0,5,0,0,0,1,0,0,0,11,0,0,0,0,0,0,0,0,0,0,0,0,0,0,0,0,0,0,0,5,0,0,1,11,0,148
15820,Steptoe Site 10,10,3/1/2014,7,"March 1-8, 2014",0,0,0,0,0,0,0,0,0,0,0,0,0,12,0,0,5,0,0,0,0,0,0,0,0,0,0,0,0,0,0,0,0,0,0,0,0,0,1,0,0,0,0,0,0,0,0,0,0,0,0,0,12,0,0,0,3,0,0,0,0,0,0,0,0,0,0,0,0,0,0,0,1,0,2,0,0,0,0,0,0,0,0,0,0,0,0,0,0,0,0,0,0,0,1,0,0,0,0,0,37
15784,Oxborough Site 12,12,3/1/2014,7,"March 1-8, 2014",0,0,0,0,0,0,1,0,0,0,0,0,0,22,0,0,18,0,0,0,2,0,0,0,0,0,0,0,0,0,0,0,0,0,0,0,0,0,5,0,0,0,0,0,0,0,0,0,0,0,0,1,26,7,1,0,34,0,0,1,0,0,0,1,0,24,1,0,0,0,0,0,0,0,8,0,0,0,0,0,2,0,0,0,0,0,0,0,0,0,0,0,0,0,0,0,0,0,0,0,154
15680,Hoffman Site 13,13,3/1/2014,7,"March 1-8, 2014",0,2,0,0,0,0,0,0,0,0,0,0,1,54,5,6,3,13,0,0,2,0,0,0,0,6,0,1,0,0,0,0,0,2,0,0,2,0,9,0,1,10,0,1,2,0,3,0,18,0,0,25,5,2,119,10,36,0,0,0,0,0,0,1,1,1,3,0,1,1,0,0,0,0,23,9,0,0,1,1,0,0,0,1,0,0,0,0,0,0,0,0,0,0,0,1,0,0,0,0,382
15824,Harding Site 14,14,3/1/2014,7,"March 1-8, 2014",0,5,0,0,0,0,0,0,4,0,0,2,0,28,1,4,3,2,5,1,1,0,0,0,0,0,0,0,0,0,0,1,0,0,0,0,0,0,2,0,1,1,0,1,0,0,0,0,0,0,0,61,28,0,1,1,49,0,0,0,0,10,0,1,0,3,0,0,0,0,0,3,0,0,8,0,0,0,0,0,0,0,0,0,0,1,0,0,0,0,0,0,0,0,0,0,0,0,0,0,228
15686,Defibaugh Site 15,15,3/1/2014,7,"March 1-8, 2014",0,0,0,0,0,0,0,0,0,0,0,0,0,68,1,0,4,0,0,0,0,0,0,0,0,0,0,0,0,0,0,0,0,0,0,0,0,0,8,0,0,0,0,0,0,0,0,0,0,0,0,0,0,0,0,0,73,0,0,0,0,1,0,1,0,0,0,0,0,0,0,0,0,0,0,13,0,0,0,0,0,0,0,0,0,0,0,0,0,0,0,0,0,0,0,0,0,0,0,0,169
15674,Armstrong Site 17,17,3/1/2014,7,"March 1-8, 2014",0,1,0,0,0,0,0,0,2,0,0,0,0,52,0,4,11,2,0,0,1,0,0,0,0,0,0,0,0,0,1,0,0,0,0,0,0,0,3,0,0,1,0,0,0,0,0,0,0,0,0,6,5,1,0,0,66,0,0,1,0,0,0,0,0,1,0,0,0,0,1,0,0,0,3,7,0,0,0,0,2,0,0,0,0,0,0,0,0,0,0,0,0,0,1,0,0,0,0,0,172
15778,Wiegman Site 18,18,3/1/2014,7,"March 1-8, 2014",0,0,0,0,0,0,0,0,0,3,0,1,0,201,3,0,28,0,0,0,1,0,0,0,0,0,0,2,0,0,0,0,0,2,0,0,0,0,14,0,0,0,0,0,0,0,0,0,0,0,0,0,38,3,1,0,95,0,0,0,0,7,0,1,0,0,2,0,0,0,0,0,0,0,35,0,0,0,0,0,2,0,0,0,0,0,0,0,0,0,0,0,0,0,0,0,0,0,0,0,439
15668,Cianci Site 21,21,3/1/2014,7,"March 1-8, 2014",0,0,0,0,0,0,0,0,0,0,0,0,0,190,0,2,10,0,0,0,0,0,0,0,0,0,1,0,0,0,0,0,0,0,0,0,0,0,3,0,0,0,0,0,0,0,0,0,0,0,0,1,4,0,1,0,7,0,0,0,0,0,0,1,0,0,2,0,0,0,0,2,0,0,14,0,0,0,0,0,0,0,0,0,0,0,0,0,0,0,0,0,0,0,0,0,0,0,0,0,238
15842,Hogue Site 24,24,3/1/2014,7,"March 1-8, 2014",0,3,0,0,0,0,14,0,0,0,0,0,0,51,0,0,9,3,0,0,0,0,0,1,0,0,0,0,0,0,0,0,0,2,0,0,0,0,12,1,0,0,0,0,0,0,1,0,0,0,0,38,19,2,2,1,16,0,0,0,0,0,0,1,0,0,5,0,0,0,1,1,0,0,5,2,0,0,0,1,2,0,0,0,0,0,0,0,0,0,0,0,0,0,3,0,0,0,0,0,196
15730,Creason Site 27,27,3/1/2014,7,"March 1-8, 2014",0,0,0,0,0,0,1,0,0,0,0,0,0,2,2,0,0,0,0,0,0,0,0,0,0,0,0,1,0,0,0,0,0,0,0,0,0,0,1,0,0,2,0,0,0,0,0,0,0,0,0,11,0,0,0,0,10,0,0,0,0,0,0,0,0,0,0,0,0,0,0,0,0,0,1,0,0,0,0,0,0,0,0,0,0,0,0,0,0,0,0,0,0,0,0,0,0,0,0,0,31
15714,Keller Site 28,28,3/1/2014,7,"March 1-8, 2014",0,1,0,0,0,0,0,0,1,1,0,1,0,99,0,1,70,2,1,1,4,0,0,0,0,0,0,5,0,0,0,2,0,0,0,0,0,0,14,0,0,0,0,2,0,0,0,0,0,0,0,15,34,0,1,1,100,0,0,0,0,1,0,3,0,0,5,0,0,0,0,1,0,0,13,0,0,0,0,0,8,0,0,0,0,0,0,0,0,0,0,0,0,0,9,0,0,0,0,0,396
15707,Brejcha Site 29,29,3/1/2014,7,"March 1-8, 2014",0,2,0,0,0,0,0,0,19,1,2,0,0,47,0,5,79,8,1,0,2,0,0,0,3,0,0,0,0,0,0,1,2,1,0,0,0,0,14,0,1,2,0,0,0,2,0,0,0,0,0,137,65,0,8,0,10,0,0,1,0,0,0,1,0,0,0,0,0,0,5,0,0,0,32,1,0,0,0,0,3,0,0,0,0,1,0,0,1,0,0,0,0,0,0,0,0,0,0,0,457
15767,Franco Site 30,30,3/1/2014,7,"March 1-8, 2014",0,1,0,0,0,0,14,0,0,0,0,0,0,147,0,0,26,1,3,0,0,0,0,0,0,1,4,0,0,0,0,8,0,1,0,0,0,0,12,0,3,5,0,1,0,38,1,0,0,0,0,5,30,3,1,0,71,0,0,0,0,0,0,0,1,1,0,0,0,0,2,0,0,0,39,1,0,0,0,0,0,0,0,0,0,0,0,0,0,0,0,0,0,0,0,0,0,0,0,0,420
15836,Donahue Site 31,31,3/1/2014,7,"March 1-8, 2014",0,2,0,0,0,0,2,0,0,0,0,1,0,73,2,2,3,2,7,0,1,0,0,0,0,0,0,1,0,0,0,1,2,5,0,0,0,0,5,0,1,0,0,0,0,1,3,0,0,0,0,24,25,1,12,5,29,1,0,0,1,0,0,0,0,0,0,0,2,0,0,3,0,0,21,0,0,0,0,0,0,0,0,0,0,0,0,0,0,0,0,0,0,0,0,0,0,0,5,0,243
15735,Renwick Site 5,5,3/1/2014,7,"March 1-8, 2014",0,0,0,0,0,0,9,0,0,0,0,0,0,9,1,0,0,0,4,0,0,0,0,0,0,0,0,2,0,0,0,0,0,1,0,0,0,0,15,0,0,0,0,0,0,0,0,0,0,0,0,30,18,12,0,0,25,0,0,0,0,3,0,0,0,0,0,0,0,0,0,0,0,0,8,0,0,0,0,0,2,0,0,0,0,0,0,0,0,0,0,0,0,0,0,0,0,0,0,0,139
15830,Hogg Site 7,7,3/1/2014,7,"March 1-8, 2014",0,7,0,0,0,0,5,1,1,0,0,0,0,16,4,0,28,0,5,1,1,0,0,0,0,0,1,1,0,0,0,0,1,0,0,0,0,0,6,0,0,0,0,0,0,0,0,0,0,0,0,80,19,1,1,0,12,0,0,1,0,2,0,0,0,0,2,0,0,0,1,0,0,0,4,0,0,0,0,0,1,0,0,0,0,0,0,0,0,0,0,0,0,0,0,0,0,0,0,0,202
15740,Fujioka Site 8,8,3/1/2014,7,"March 1-8, 2014",0,0,0,0,0,0,0,0,0,0,0,0,0,0,0,1,0,0,0,0,0,0,0,0,0,0,0,0,0,0,0,0,0,0,0,0,0,0,0,0,0,0,0,0,0,0,0,0,0,0,0,1,0,0,0,0,0,0,0,0,0,0,0,0,0,0,0,0,0,0,0,0,0,0,0,0,0,0,0,0,0,0,0,0,0,0,0,0,0,0,0,0,0,0,0,0,0,0,0,0,2
15700,Rodriguez Site 9,9,3/1/2014,7,"March 1-8, 2014",0,1,0,0,0,0,0,0,1,0,0,4,0,13,0,0,5,2,0,0,0,0,0,0,0,0,0,2,0,0,0,0,0,0,0,0,0,0,2,0,0,0,0,0,0,0,0,0,0,0,0,0,8,1,0,1,9,0,0,0,0,0,0,2,0,2,1,0,0,0,0,0,0,0,5,0,0,0,0,0,1,0,0,0,0,0,0,0,0,0,0,0,0,0,0,0,0,0,0,0,60
15746,Koch Site 6,6,3/1/2014,8,"March 1-9, 2014",0,2,0,0,0,0,0,1,3,0,0,0,0,27,2,3,5,1,0,2,7,0,0,0,1,0,1,0,0,0,0,0,4,0,0,0,0,0,1,0,0,0,0,0,0,0,1,0,1,0,0,24,20,0,3,0,9,0,0,6,0,0,1,0,0,1,1,0,0,0,0,0,0,0,6,0,0,0,0,0,3,0,0,0,0,9,0,0,0,0,0,0,0,0,0,1,0,0,0,0,146
15796,Ralph Site 11,11,3/2/2014,7,"March 2-9, 2014",0,0,0,0,0,0,0,0,1,1,0,3,0,6,0,0,1,0,1,3,0,0,0,0,0,0,0,2,0,0,0,0,1,1,0,0,0,0,6,0,0,0,0,0,0,0,0,0,0,0,0,0,1,53,0,0,38,0,0,0,0,1,0,4,1,2,2,3,0,0,0,0,1,0,9,0,0,0,0,0,0,0,0,0,0,0,0,0,0,0,0,0,0,0,0,0,0,0,0,0,141
15921,Louie Site 20,20,3/28/2014,7,"March 28- April 4, 2014",0,0,0,0,0,0,0,0,0,0,0,0,0,2,0,0,7,0,1,0,0,0,0,0,0,0,0,0,0,0,0,0,0,0,0,0,0,0,0,0,0,0,0,0,0,0,0,0,0,0,0,1,2,0,0,0,3,0,0,0,0,1,0,0,0,0,0,0,0,0,1,0,0,0,10,0,0,0,0,0,0,0,0,0,0,0,0,0,0,0,0,0,0,0,0,0,0,0,1,0,29
15790,Lombard Site 26,26,3/3/2014,5,"March 3-8, 2013",0,0,0,0,0,0,0,0,0,0,0,0,0,26,13,0,18,1,50,1,0,0,0,0,0,0,0,0,0,0,0,0,0,0,0,0,0,0,0,0,0,0,0,0,0,0,0,0,0,0,0,3,22,1,1,0,28,0,0,0,0,1,0,0,0,0,1,0,0,0,0,0,0,0,10,0,0,0,0,0,0,0,0,0,0,0,0,0,0,0,0,0,0,0,1,1,0,0,0,0,178
15887,Franco Site 30,30,3/31/2014,8,"March 31- April 8, 2014",0,0,0,0,0,0,3,0,1,0,1,0,0,103,0,2,28,0,2,0,2,0,0,0,0,0,1,3,0,0,1,3,1,1,0,0,0,0,13,0,0,2,1,0,0,15,0,0,0,0,0,5,18,0,1,0,29,0,0,0,0,0,0,0,0,2,0,0,0,0,17,0,0,0,29,1,0,0,0,0,0,0,0,0,0,1,0,0,0,0,0,0,0,0,0,0,0,0,0,0,286
15926,Louie Site 20,20,5/2/2014,7,"May 2-9, 2014",0,0,0,0,0,0,0,0,0,0,0,0,0,24,2,0,1,0,0,0,0,0,0,0,0,0,0,0,0,0,0,0,0,1,0,0,0,0,0,0,0,0,0,0,0,0,0,0,0,0,0,0,4,2,0,0,2,0,0,1,0,1,0,0,0,0,0,0,0,0,2,0,0,0,22,0,0,0,0,0,0,0,0,0,0,0,0,0,0,0,0,0,0,0,0,0,0,0,2,0,64
15915,Nature Garden Site1,1,5/2/2014,7,"May 2-9, 2014",0,0,0,0,0,0,0,0,0,1,0,0,0,25,0,0,1,0,2,2,1,0,0,0,0,0,0,2,0,0,0,0,0,6,0,0,1,0,8,0,0,0,1,0,0,0,0,0,0,1,0,0,13,1,0,0,24,0,0,0,0,5,0,0,0,0,0,0,0,0,2,0,1,0,36,0,0,0,0,0,20,0,0,0,0,0,0,0,0,0,0,0,0,0,0,0,0,0,0,0,153
16176,Higgins Site 23,23,5/28/2014,7,"May 28- June 4, 2014",0,0,0,0,0,1,0,0,1,0,0,0,0,63,0,0,1,0,0,1,0,0,0,0,0,0,0,0,1,0,0,0,0,0,0,0,0,0,2,2,0,0,0,0,0,0,0,0,0,0,0,0,9,2,0,0,17,0,0,34,0,0,0,0,0,0,0,0,0,0,0,0,5,0,6,0,0,0,0,0,7,0,0,0,0,0,0,0,0,0,0,0,0,0,6,0,0,0,0,0,158
16072,Hentschke Site 3,3,5/28/2014,7,"May 28- June 4, 2014",0,0,0,0,0,0,2,0,0,0,0,1,0,19,0,0,0,0,1,1,0,0,0,0,0,0,0,0,0,0,0,0,1,0,0,0,0,0,1,0,0,0,0,0,0,0,0,2,0,0,0,0,13,1,0,0,3,0,0,0,0,0,0,0,0,0,0,0,0,0,1,0,0,0,28,0,0,0,0,0,17,0,0,0,0,0,0,0,0,0,0,0,0,0,0,1,0,0,0,0,92
16116,Steptoe Site 10,10,5/3/2014,7,"May 3-10, 2014",0,0,0,0,0,0,0,0,0,0,0,0,0,15,0,0,7,0,0,0,1,0,0,0,0,0,0,0,0,0,0,0,0,0,0,0,0,0,2,0,0,0,0,0,0,0,0,0,0,0,0,0,9,1,0,0,0,0,0,0,0,0,0,0,0,0,0,0,0,0,0,0,0,0,2,0,0,0,0,0,2,0,0,0,0,0,0,0,0,0,0,0,0,0,0,0,0,0,0,0,39
15948,Oxborough Site 12,12,5/3/2014,7,"May 3-10, 2014",0,0,0,0,0,0,0,0,1,1,0,1,0,8,2,0,0,0,1,2,0,0,0,0,0,0,0,0,0,0,0,0,0,0,0,0,0,0,2,0,0,0,0,0,0,0,0,0,0,0,0,1,30,5,0,0,9,0,0,0,0,12,0,0,0,5,0,0,0,0,0,0,0,0,19,0,0,0,0,0,0,0,0,0,0,0,0,0,0,0,0,0,0,0,0,0,0,0,0,0,99
15992,Harding Site 14,14,5/3/2014,7,"May 3-10, 2014",0,0,0,0,0,0,0,0,11,1,0,0,0,51,0,0,4,0,2,5,4,0,0,0,0,0,0,1,0,0,0,0,0,1,0,0,0,0,11,0,0,1,0,0,0,0,0,0,0,0,0,7,15,1,0,0,33,0,0,0,0,29,0,0,0,2,0,1,0,0,11,0,1,0,51,0,0,0,0,0,2,0,0,0,0,8,0,0,0,0,0,0,0,0,0,0,0,0,0,0,253
16075,Defibaugh Site 15,15,5/3/2014,7,"May 3-10, 2014",0,0,0,0,0,0,0,0,6,0,0,0,0,63,1,0,11,1,0,3,0,0,0,0,0,0,0,1,0,0,0,0,0,1,0,0,0,0,1,0,0,0,0,0,0,0,0,0,0,0,0,0,57,4,1,0,36,0,0,0,0,2,1,0,0,0,2,0,0,0,0,0,1,0,22,13,0,0,0,0,12,0,0,0,0,0,0,0,0,0,0,0,0,0,4,0,0,0,0,0,243
16013,Armstrong Site 17,17,5/3/2014,7,"May 3-10, 2014",0,0,0,0,0,0,0,0,7,3,0,0,0,68,1,0,7,1,0,0,0,0,0,0,0,0,0,0,0,0,0,0,0,2,0,0,0,0,9,0,0,0,0,0,0,0,0,1,0,0,0,0,40,2,0,0,32,0,0,4,0,0,0,0,0,0,0,0,0,0,0,0,1,0,9,2,0,0,0,0,12,0,0,0,0,0,0,0,0,0,0,0,0,0,3,0,0,0,0,0,204
15973,Wiegman Site 18,18,5/3/2014,7,"May 3-10, 2014",0,0,0,0,0,0,1,0,1,0,0,0,0,93,1,0,3,0,1,0,0,0,0,0,0,0,0,0,0,0,0,0,0,25,0,0,0,0,9,0,0,0,0,0,0,0,0,0,0,0,0,0,37,4,1,0,37,0,0,0,0,14,0,0,0,0,2,0,0,0,0,0,1,0,42,0,0,0,0,0,10,0,0,0,0,0,0,0,0,0,0,0,0,0,1,0,0,0,0,0,283
16025,Cianci Site 21,21,5/3/2014,7,"May 3-10, 2014",0,0,0,0,0,0,0,0,0,0,0,0,0,90,0,0,1,0,0,0,0,0,0,0,0,0,0,0,0,0,0,0,1,0,0,0,0,0,0,0,0,0,0,0,0,0,0,0,0,0,0,1,1,0,0,0,0,0,0,0,0,0,0,0,0,0,0,0,0,0,0,0,0,0,8,0,0,0,0,0,1,0,0,0,0,0,0,0,0,0,0,0,0,0,0,0,0,0,0,0,103
16018,Hogue Site 24,24,5/3/2014,7,"May 3-10, 2014",0,0,0,0,0,0,16,0,9,1,0,0,0,72,1,0,2,0,0,1,1,0,0,0,0,0,0,0,0,0,0,0,1,1,0,0,0,0,32,1,0,0,0,0,0,0,0,0,0,0,0,0,43,2,0,0,6,0,0,1,0,0,0,0,0,0,0,0,0,0,3,0,0,0,22,4,0,0,0,0,1,0,0,0,0,2,0,0,0,0,0,0,0,0,1,0,0,0,0,0,223
16082,Marquez Site 25,25,5/3/2014,7,"May 3-10, 2014",0,0,0,0,0,0,38,0,2,2,0,1,0,82,0,0,4,0,1,5,0,0,0,0,0,0,0,5,0,0,0,1,1,11,0,0,0,0,88,2,0,0,1,0,0,0,0,0,0,0,1,1,26,10,0,0,66,0,0,0,0,28,0,0,0,2,0,0,0,0,3,0,1,0,29,0,0,0,0,0,5,0,0,0,0,0,0,0,0,0,0,0,0,0,0,5,0,0,0,0,421
15961,Lombard Site 26,26,5/3/2014,7,"May 3-10, 2014",0,0,0,0,0,0,0,0,0,0,0,0,0,2,3,0,3,0,25,0,0,0,0,0,0,0,0,0,0,0,0,0,0,0,0,0,0,0,4,0,0,0,0,0,0,0,0,0,0,0,0,0,10,1,0,0,3,0,0,0,0,0,0,0,0,0,0,0,0,0,0,0,0,0,32,0,0,0,0,0,1,0,0,0,0,0,0,0,0,0,0,0,0,0,1,0,0,0,0,0,85
16063,Creason Site 27,27,5/3/2014,7,"May 3-10, 2014",0,0,0,0,0,0,0,0,0,0,3,0,0,48,4,0,0,1,5,2,1,0,0,0,0,0,0,14,0,0,0,0,0,0,0,0,0,0,10,7,0,0,0,0,0,0,0,0,0,0,0,5,4,3,0,0,31,0,1,0,1,19,0,0,0,0,0,0,0,0,1,0,0,0,41,0,0,0,0,0,1,0,0,0,0,0,0,0,0,0,0,0,0,0,0,1,0,0,1,0,204
16044,Keller Site 28,28,5/3/2014,7,"May 3-10, 2014",0,0,0,0,0,0,0,0,9,4,0,0,0,98,2,0,26,0,0,6,9,0,0,0,1,0,0,6,0,0,0,3,0,2,0,0,0,0,31,0,0,1,0,0,0,0,0,0,0,3,0,2,34,6,2,0,140,0,0,22,0,14,0,0,0,0,0,0,0,0,2,0,0,0,66,1,0,0,0,0,14,0,0,0,0,0,0,0,0,0,0,0,0,0,4,0,0,0,0,0,508
16032,Brejcha Site 29,29,5/3/2014,7,"May 3-10, 2014",0,4,0,0,0,0,0,0,6,1,0,0,0,6,0,0,1,0,2,1,0,0,0,0,0,0,0,0,0,0,0,0,0,0,0,0,0,0,0,0,0,0,0,0,0,5,0,0,0,0,0,0,19,2,0,0,1,0,0,0,1,2,0,0,0,0,0,0,0,0,15,0,0,0,23,0,0,0,0,0,0,0,0,0,0,7,0,0,0,0,0,0,0,0,0,0,0,0,0,0,96
16009,Donahue Site 31,31,5/3/2014,7,"May 3-10, 2014",0,0,0,0,0,0,0,0,1,0,1,0,0,62,6,0,1,0,3,1,2,0,0,0,1,0,0,2,0,0,0,2,6,29,0,0,0,0,8,0,0,0,0,0,0,0,1,0,0,0,0,1,9,6,0,0,10,0,0,0,3,9,0,0,0,0,0,0,0,0,9,0,0,0,22,1,0,0,0,0,0,0,0,0,0,3,0,0,0,0,0,0,0,0,0,1,0,0,23,0,223
16109,Renwick Site 5,5,5/3/2014,7,"May 3-10, 2014",0,0,0,0,0,1,2,0,3,0,0,0,0,13,1,0,3,0,5,1,5,0,0,0,0,0,0,1,0,0,0,0,0,6,0,0,0,0,73,0,0,0,0,0,0,0,0,0,0,0,0,3,8,163,0,0,13,0,0,0,0,38,0,0,0,1,0,0,0,0,0,0,0,0,40,0,0,0,0,0,4,0,0,0,0,2,1,0,0,0,0,0,0,0,0,0,0,0,0,0,387
15967,Fujioka Site 8,8,5/3/2014,7,"May 3-10, 2014",0,0,0,0,0,0,0,0,0,0,0,0,0,1,0,0,0,0,0,0,0,0,0,0,0,0,0,0,0,0,0,0,0,0,0,0,0,0,0,0,0,0,0,0,0,0,0,0,0,0,0,0,0,0,0,0,0,0,0,0,0,0,0,0,0,0,0,0,0,0,0,0,0,0,0,0,0,0,0,0,1,0,0,0,0,0,0,0,0,0,0,0,0,0,0,0,0,0,0,0,2
16050,Rodriguez Site 9,9,5/3/2014,7,"May 3-10, 2014",0,0,0,0,0,0,0,0,0,0,0,0,0,2,0,0,0,0,0,0,0,0,0,0,0,0,0,0,0,0,0,0,0,0,0,0,0,0,0,0,0,0,0,0,0,0,0,0,0,0,0,0,0,0,0,0,0,0,0,0,0,0,0,0,0,0,0,0,0,0,0,0,0,0,0,0,0,0,0,0,0,0,0,0,0,0,0,0,0,0,0,0,0,0,0,0,0,0,0,0,2
16038,Franco Site 30,30,5/3/2014,9,"May 3-12, 2014",0,0,0,0,0,0,3,0,2,0,0,1,0,223,2,0,6,0,2,2,5,0,0,0,0,0,2,2,0,0,0,5,1,9,0,0,0,0,38,0,0,0,0,0,0,110,3,0,0,0,0,0,29,9,0,0,70,0,0,0,1,12,0,0,0,0,0,0,0,0,54,0,1,0,197,2,0,0,0,0,2,0,0,0,0,1,0,0,0,0,0,0,0,0,0,0,0,0,0,0,794
15955,Pisano Site 4,4,5/3/2014,10,"May 3-13, 2014",0,0,0,0,0,0,0,0,0,0,0,1,0,47,4,0,4,0,3,0,0,0,0,0,0,0,0,1,0,0,0,1,0,0,0,0,0,1,0,0,0,0,1,0,0,0,0,0,0,0,0,1,9,0,0,0,1,0,0,0,0,0,0,0,0,1,2,0,0,0,1,0,0,0,8,0,0,0,0,0,2,0,0,0,0,0,0,0,0,0,0,0,0,0,2,0,0,0,5,0,95
15998,Hoffman Site 13,13,5/3/2014,6,"May 3-9, 2014",2,1,0,0,0,0,1,0,0,0,0,0,0,10,6,1,11,1,1,0,1,1,0,0,0,0,0,0,0,0,0,0,12,1,0,0,0,0,6,1,0,2,0,0,0,0,9,0,0,0,0,18,43,1,0,0,15,0,0,0,5,15,0,0,0,4,0,0,0,1,6,0,0,0,54,4,0,0,0,0,2,1,0,1,0,0,0,0,0,0,1,3,0,1,0,0,0,1,1,0,244
16102,Louie Site 20,20,5/30/2014,7,"May 30-June 6, 2014",0,0,0,0,0,0,1,0,0,0,0,0,0,5,0,0,0,0,0,0,3,0,0,0,0,0,0,0,0,0,0,0,0,0,0,0,0,0,0,0,0,0,0,0,0,0,0,0,0,1,0,0,3,0,0,0,0,0,0,2,0,0,0,0,0,0,0,0,0,0,3,0,0,0,13,0,0,0,0,0,1,0,0,0,0,0,0,0,0,0,0,0,0,0,0,0,0,0,1,0,33
16029,Nature Garden Site1,1,5/30/2014,7,"May 30-June 6, 2014",0,0,0,0,0,4,0,0,0,0,0,0,0,6,0,0,1,0,1,1,0,0,0,0,0,0,0,0,0,0,0,0,1,1,0,0,0,0,6,0,0,0,0,0,0,0,0,0,0,0,0,0,6,2,0,0,2,0,0,0,0,3,0,0,0,0,0,0,0,0,1,0,0,0,24,0,0,0,0,0,20,0,0,0,0,0,0,0,0,0,0,0,0,0,0,0,0,0,0,0,79
16086,Marquez Site 25,25,5/31/2014,14,"May 31- June 14, 2014",0,0,0,0,0,4,45,0,2,0,0,1,0,54,0,0,0,0,1,7,0,0,0,0,0,0,0,0,0,0,0,0,2,8,0,0,0,0,38,1,0,0,0,0,0,0,0,0,0,1,0,0,17,9,0,0,9,0,0,0,0,11,0,0,0,2,1,0,0,0,7,0,2,0,71,0,0,0,0,0,8,0,0,0,0,0,0,0,0,0,0,0,0,0,0,3,0,0,0,0,304
16098,Pisano Site 4,4,5/31/2014,14,"May 31- June 14, 2014",0,0,0,0,0,1,0,0,0,0,0,0,0,6,0,0,0,0,1,0,2,0,0,0,0,0,0,0,0,0,0,0,1,0,0,0,0,0,0,1,0,0,0,0,0,1,0,0,0,1,0,0,11,1,0,0,0,0,0,1,0,0,0,0,0,0,0,0,0,0,0,0,0,0,7,0,0,0,0,0,9,0,0,0,0,0,0,0,0,0,0,0,0,0,0,0,0,0,0,0,43
16120,Steptoe Site 10,10,5/31/2014,7,"May 31- June 7, 2014",0,0,0,0,0,0,0,0,0,0,0,0,0,0,0,0,0,0,0,0,0,0,0,0,0,0,0,0,0,0,0,0,0,0,0,0,0,0,0,0,0,0,0,0,0,0,0,0,0,0,0,0,2,0,0,0,0,0,0,0,0,0,0,0,0,0,0,0,0,0,1,0,0,0,0,0,0,0,0,0,2,0,0,0,0,0,0,0,0,0,0,0,0,0,0,0,0,0,0,0,5
16142,Oxborough Site 12,12,5/31/2014,7,"May 31- June 7, 2014",0,0,0,0,0,0,0,0,0,0,0,1,0,5,1,0,0,0,0,1,0,0,0,0,0,0,0,0,0,0,0,0,1,1,0,0,0,0,5,0,0,0,0,0,0,0,0,0,0,1,0,0,10,1,0,0,11,0,0,3,0,11,0,0,0,3,0,0,0,0,1,0,0,0,14,0,0,0,0,0,4,0,0,0,0,0,0,0,0,0,0,0,0,0,0,0,0,0,0,0,74
16207,Hoffman Site 13,13,5/31/2014,7,"May 31- June 7, 2014",1,0,3,0,0,0,1,0,1,0,0,0,0,28,3,0,7,0,0,0,2,1,0,0,0,0,0,1,1,0,0,0,8,1,0,0,0,0,4,1,0,1,0,0,0,0,7,0,0,0,0,0,24,0,0,0,5,0,0,1,52,9,0,0,0,1,0,0,0,0,15,0,0,0,66,0,0,1,0,0,3,0,1,0,0,3,0,0,0,0,0,1,0,0,0,0,0,3,3,1,260
16166,Harding Site 14,14,5/31/2014,7,"May 31- June 7, 2014",0,0,0,0,0,2,20,0,1,0,1,0,0,19,0,0,0,0,0,0,5,0,0,0,0,0,0,1,0,0,0,0,2,0,0,0,0,0,8,0,0,0,0,0,0,0,0,0,0,0,0,0,5,0,0,0,8,0,0,0,0,3,0,0,0,0,0,1,0,0,19,0,0,0,38,0,0,0,0,0,1,1,0,0,0,3,0,0,0,0,0,0,0,0,0,0,0,0,0,0,138
16079,Defibaugh Site 15,15,5/31/2014,7,"May 31- June 7, 2014",0,0,0,0,0,1,0,0,0,0,0,0,0,47,0,0,2,0,0,0,0,0,0,0,0,0,0,0,0,0,0,0,0,0,0,0,0,0,0,0,0,0,0,0,0,0,0,0,0,0,0,0,6,0,0,0,4,0,0,0,0,1,0,0,0,0,0,0,0,0,0,0,0,0,37,1,0,0,0,0,7,0,0,0,0,0,0,0,0,0,0,0,0,0,0,0,0,0,0,0,106
16196,Armstrong Site 17,17,5/31/2014,7,"May 31- June 7, 2014",0,0,0,0,0,3,0,0,2,0,0,0,0,28,3,0,2,0,0,0,1,0,0,0,3,0,0,0,0,0,0,0,1,0,0,0,0,0,2,0,0,0,0,0,0,0,0,0,0,0,0,0,29,2,0,0,12,0,0,45,0,0,0,0,0,0,0,0,0,0,3,0,1,0,7,6,0,0,0,0,21,0,0,0,0,0,0,0,0,0,0,0,0,0,1,0,0,0,0,0,172
16127,Wiegman Site 18,18,5/31/2014,7,"May 31- June 7, 2014",0,0,0,0,0,1,0,0,3,1,0,0,0,116,0,0,5,0,1,2,0,0,0,0,0,0,0,0,0,0,0,0,1,3,0,0,0,0,9,0,0,0,0,0,0,0,0,0,0,0,0,0,32,7,0,0,26,0,0,6,0,4,0,0,0,1,5,0,0,0,0,0,0,0,35,0,0,0,0,0,10,0,0,0,0,0,0,0,0,0,0,0,0,0,1,0,0,0,0,0,269
16213,Cianci Site 21,21,5/31/2014,7,"May 31- June 7, 2014",0,0,0,0,0,0,0,0,0,0,0,0,0,18,0,0,0,0,0,0,0,0,0,0,0,0,0,0,0,0,0,0,1,0,0,0,0,0,0,0,0,0,0,0,0,0,0,0,0,0,0,0,0,0,0,0,0,0,0,0,0,0,0,0,0,0,0,0,0,0,0,0,0,0,1,0,0,0,0,0,0,0,0,0,0,0,0,0,0,0,0,0,0,0,0,0,0,0,0,0,20
16183,Hogue Site 24,24,5/31/2014,7,"May 31- June 7, 2014",0,0,0,0,0,0,7,0,9,1,0,0,0,17,0,0,0,0,0,0,0,0,0,0,1,0,0,0,0,0,0,0,1,0,0,0,0,0,6,0,0,0,0,0,0,0,1,0,0,0,0,0,10,4,0,0,4,0,0,8,0,1,0,0,0,0,0,0,0,0,5,0,1,0,10,1,0,0,0,0,5,0,0,0,0,4,0,0,0,0,0,0,0,0,0,0,0,0,0,0,96
16133,Lombard Site 26,26,5/31/2014,7,"May 31- June 7, 2014",0,0,0,0,0,0,0,0,0,0,0,0,0,8,3,0,1,0,7,0,1,0,0,0,0,0,0,0,0,0,0,0,0,0,0,0,0,0,0,0,0,0,0,0,0,0,0,0,0,0,0,0,7,0,0,0,0,0,0,0,0,0,0,0,0,0,0,0,0,0,0,0,0,0,16,0,0,0,0,0,4,0,0,0,0,0,0,0,0,0,0,0,0,0,0,0,0,0,0,0,47
16241,Keller Site 28,28,5/31/2014,7,"May 31- June 7, 2014",0,0,0,0,0,0,3,0,14,2,1,0,0,42,1,0,10,0,1,1,9,0,0,0,0,0,0,3,0,0,0,0,4,0,0,0,0,0,17,2,0,0,0,0,0,0,0,1,0,2,0,0,18,8,0,0,72,0,0,90,0,5,0,0,0,0,0,0,0,0,6,0,3,0,26,0,0,0,0,0,26,0,0,0,0,0,0,0,0,0,0,0,0,0,4,0,0,0,0,0,371
16229,Brejcha Site 29,29,5/31/2014,7,"May 31- June 7, 2014",0,0,0,0,0,2,0,0,11,0,0,0,0,12,0,0,1,0,0,0,1,0,0,0,7,0,0,0,0,0,0,2,2,0,0,0,0,0,7,0,0,0,0,0,0,1,0,0,0,0,0,0,12,0,0,0,2,0,0,3,2,0,0,0,0,0,0,0,0,0,18,0,0,0,10,1,0,0,0,0,2,0,0,0,0,15,0,0,0,0,0,0,0,0,1,0,0,0,0,0,112
16235,Franco Site 30,30,5/31/2014,7,"May 31- June 7, 2014",0,0,1,0,0,1,4,0,4,0,1,1,0,184,0,0,2,0,0,1,3,0,0,0,5,0,1,0,0,0,0,2,2,1,0,0,0,0,45,1,0,2,0,0,0,80,1,0,0,0,0,0,14,11,0,0,70,0,0,4,1,14,0,0,0,0,0,0,0,0,50,0,2,0,92,4,0,0,0,0,2,0,0,0,0,7,0,0,0,0,0,0,0,0,0,0,0,0,0,0,613
16202,Donahue Site 31,31,5/31/2014,7,"May 31- June 7, 2014",0,2,0,0,0,2,0,0,4,0,2,0,0,28,10,0,2,0,0,1,6,0,0,0,0,0,0,0,0,0,0,0,3,3,0,0,0,0,3,0,0,0,0,0,0,0,2,0,0,2,0,0,3,5,0,0,7,0,0,2,0,2,0,0,0,2,0,0,0,0,6,0,0,0,15,0,0,0,0,0,0,0,0,0,0,8,0,0,0,0,0,0,0,0,0,0,0,0,14,0,134
16113,Renwick Site 5,5,5/31/2014,7,"May 31- June 7, 2014",0,1,0,0,0,2,12,0,0,0,0,2,0,9,1,0,0,0,2,0,23,0,0,0,0,0,0,0,0,0,0,1,1,2,0,0,0,0,54,7,0,0,0,0,0,0,0,0,0,2,0,2,10,123,0,0,47,0,0,3,0,44,0,0,0,1,0,0,0,0,2,0,1,0,45,0,0,0,0,0,4,0,0,0,0,7,0,0,0,0,0,0,0,0,2,0,0,0,0,0,410
16107,Koch Site 6,6,5/31/2014,7,"May 31- June 7, 2014",0,0,0,0,0,0,1,0,0,0,0,0,0,2,1,0,0,0,1,1,0,0,0,0,7,0,0,0,0,0,0,0,1,0,0,0,0,0,2,0,0,0,0,0,0,0,0,0,0,3,0,0,3,1,0,0,3,0,0,1,0,4,0,0,0,0,0,0,0,0,4,0,1,0,19,0,0,0,0,0,0,0,0,0,0,4,0,0,0,0,0,0,0,0,0,0,0,0,4,0,63
16189,Hogg Site 7,7,5/31/2014,7,"May 31- June 7, 2014",0,0,0,0,0,1,0,0,1,0,0,0,0,4,0,0,0,0,0,0,0,0,0,0,0,0,0,0,0,0,0,0,0,0,0,0,0,0,2,2,0,0,0,0,0,1,0,0,0,0,0,0,2,0,0,0,3,0,0,4,0,0,0,0,0,1,0,0,0,0,1,0,0,0,0,0,0,0,0,0,2,1,0,0,0,1,0,0,0,0,0,0,0,0,0,0,0,0,0,0,26
16154,Fujioka Site 8,8,5/31/2014,7,"May 31- June 7, 2014",0,0,0,0,0,0,0,0,0,0,0,0,0,0,0,0,0,0,0,0,0,0,0,0,0,0,0,0,0,0,0,0,0,0,0,0,0,0,0,0,0,0,0,0,0,0,0,0,0,0,0,0,0,0,0,0,0,0,0,0,0,0,0,0,0,0,0,0,0,0,0,0,0,0,0,0,0,0,0,0,0,0,0,0,0,0,0,0,0,0,0,0,0,0,0,0,0,0,0,0,0
16054,Rodriguez Site 9,9,5/31/2014,7,"May 31- June 7, 2014",0,0,0,0,0,0,0,0,0,0,0,0,0,3,0,0,0,0,0,0,0,0,0,0,0,0,0,0,0,0,0,0,0,0,0,0,0,0,0,0,0,0,0,0,0,0,0,0,0,0,0,0,0,0,0,0,0,0,0,0,0,0,0,0,0,0,0,0,0,0,0,0,0,0,2,0,0,0,0,0,0,0,0,0,0,0,0,0,0,0,0,0,0,0,0,0,0,0,0,0,5
16067,Creason Site 27,27,5/31/2014,8,"May 31- June 8, 2014",0,0,0,0,0,0,0,0,0,0,3,0,0,15,0,0,0,1,0,0,1,0,0,0,0,0,0,0,0,0,0,0,2,0,0,0,0,0,1,0,0,0,0,0,0,0,0,0,0,0,0,2,0,1,0,0,11,0,0,0,0,1,0,0,0,0,0,1,0,0,1,0,0,0,36,0,0,0,0,0,0,0,0,0,0,0,0,0,0,0,0,0,0,0,0,0,0,0,0,0,76
16104,Koch Site 6,6,5/4/2014,6,"May 4-10, 2014",0,0,0,0,0,0,0,0,0,0,0,0,0,21,8,0,1,0,2,1,2,0,0,0,0,0,0,1,0,0,0,0,0,0,0,0,0,0,3,0,0,0,0,0,0,0,0,0,0,0,0,0,2,4,0,0,9,0,0,2,0,4,0,0,0,0,0,0,0,0,1,0,0,0,28,0,0,0,0,0,2,1,0,0,0,3,0,0,0,0,0,0,0,0,1,0,0,0,7,0,103
16060,Ralph Site 11,11,5/4/2014,9,"May 4-13, 2014",0,0,0,0,0,0,0,0,0,0,0,1,0,14,0,0,1,0,0,0,0,0,0,0,0,0,0,0,0,0,0,0,0,0,0,0,0,0,9,3,0,0,0,0,0,0,0,0,0,0,0,0,9,2,0,0,4,0,0,0,0,14,0,0,0,0,0,6,0,0,0,0,0,0,52,0,0,0,0,0,2,1,0,0,0,0,0,0,0,0,0,0,0,0,0,0,0,0,0,0,118
17020,Oxborough Site 12,12,11/29/2014,14,"Nov 29-Dec 13, 2014",0,0,0,0,0,0,0,0,0,0,0,0,0,125,0,0,2,0,1,0,0,0,0,0,0,0,0,2,0,0,0,0,0,0,0,0,0,0,1,1,2,1,0,0,0,0,0,1,0,0,0,0,14,0,0,0,4,0,0,0,0,0,0,0,0,0,2,0,0,0,0,1,3,0,12,0,0,0,0,0,12,0,0,0,0,0,0,0,0,0,0,0,0,0,0,0,0,0,0,0,184
16814,Steptoe Site 10,10,11/1/2014,7,"Nov. 1-8, 2014",0,0,0,0,0,0,0,0,0,0,0,0,0,19,0,1,0,0,0,0,1,0,0,0,1,0,0,0,0,0,0,0,0,0,0,0,0,0,0,0,0,0,0,0,0,0,0,0,0,0,0,0,4,0,0,0,1,0,0,1,0,0,0,0,0,0,0,0,0,0,2,0,4,0,0,0,0,0,0,0,2,3,0,0,0,0,0,0,0,0,0,0,0,0,0,0,0,0,0,0,39
16838,Oxborough Site 12,12,11/1/2014,7,"Nov. 1-8, 2014",0,0,0,0,0,0,0,0,0,1,0,0,0,34,0,2,0,0,1,0,0,0,0,0,0,0,0,1,0,0,0,0,0,0,0,0,0,0,0,2,0,0,0,1,0,0,0,0,0,0,0,2,2,1,0,0,0,1,0,1,0,0,0,0,0,0,0,0,0,0,1,0,6,0,8,0,0,0,0,0,10,0,0,0,0,0,0,0,0,0,0,0,0,0,1,0,0,0,0,0,75
16727,Hoffman Site 13,13,11/1/2014,7,"Nov. 1-8, 2014",0,0,0,0,0,0,0,0,0,0,0,0,0,17,0,6,1,0,3,0,0,0,0,0,2,0,0,1,0,0,0,0,2,0,0,0,0,0,1,0,0,1,0,0,0,0,0,0,4,0,0,9,1,0,1,0,1,0,0,0,0,0,0,0,0,0,0,0,0,0,1,0,0,0,8,6,0,0,0,0,0,0,0,0,0,0,0,0,0,0,0,0,0,0,0,0,0,0,2,0,67
16702,Harding Site 14,14,11/1/2014,7,"Nov. 1-8, 2014",0,0,0,0,0,0,0,0,0,0,0,0,0,0,0,0,0,0,1,0,0,0,0,0,0,0,0,0,0,0,0,0,0,0,0,0,0,0,0,0,0,0,0,0,0,0,0,0,0,0,0,0,1,0,0,0,0,0,0,0,0,0,0,0,0,0,0,1,0,0,0,0,0,0,2,0,0,0,0,0,1,0,0,0,0,0,0,0,0,0,0,0,0,0,0,0,0,0,0,0,6
16779,Defibaugh Site 15,15,11/1/2014,7,"Nov. 1-8, 2014",0,0,0,0,0,0,0,0,3,0,0,0,0,48,0,0,2,0,0,0,0,0,0,0,0,0,0,0,1,0,0,0,0,0,0,0,0,0,0,0,0,0,0,0,0,0,0,0,0,0,0,0,11,0,1,0,8,0,0,0,0,0,0,0,0,0,4,0,0,0,2,0,10,0,3,12,0,0,0,0,6,1,0,0,0,0,0,0,0,0,0,0,0,0,9,1,0,0,0,0,122
16715,Armstrong Site 17,17,11/1/2014,7,"Nov. 1-8, 2014",0,0,0,0,0,0,0,0,0,0,0,1,0,10,0,1,0,0,0,0,0,0,0,0,0,0,0,0,0,0,0,0,0,0,0,0,0,0,0,0,0,0,0,0,0,0,0,0,0,0,0,0,0,0,0,0,0,0,0,0,0,0,0,0,0,0,0,0,0,0,0,0,0,0,1,0,0,0,0,0,1,0,0,0,0,0,0,0,0,0,0,0,0,0,0,0,0,0,0,0,14
16843,Wiegman Site 18,18,11/1/2014,7,"Nov. 1-8, 2014",0,0,0,0,0,0,0,0,0,0,0,1,0,103,0,0,6,0,1,0,0,0,0,0,1,0,0,0,0,0,0,0,0,0,0,0,0,0,0,0,0,0,0,0,0,0,0,0,0,0,0,0,2,1,0,0,0,0,0,0,0,0,0,0,0,0,2,0,0,0,0,0,5,0,7,0,0,0,0,0,3,0,0,0,0,0,0,0,0,0,0,0,0,0,2,1,0,0,0,0,135
16769,Cianci Site 21,21,11/1/2014,7,"Nov. 1-8, 2014",0,0,0,0,0,0,0,0,0,0,0,0,0,72,1,0,0,0,1,0,0,0,0,0,0,0,0,0,0,0,0,0,1,0,0,0,0,0,0,0,0,1,0,0,0,0,0,0,0,0,0,7,0,0,0,0,0,0,0,0,0,0,0,1,0,0,0,0,0,0,0,0,0,0,26,0,0,0,0,0,1,0,0,0,0,0,0,0,0,0,0,0,0,0,0,1,0,0,0,0,112
16743,Hogue Site 24,24,11/1/2014,7,"Nov. 1-8, 2014",0,0,0,0,0,0,1,0,0,0,0,1,0,39,0,6,1,0,0,0,1,0,0,1,0,0,0,0,0,0,0,0,0,1,0,0,0,0,0,0,0,0,0,0,0,0,0,0,0,0,0,5,2,0,1,0,0,0,0,0,0,0,0,0,0,0,0,0,0,0,0,0,5,0,23,0,0,0,0,0,8,0,0,0,0,0,0,0,0,0,0,0,0,0,4,0,0,0,0,0,99
16790,Marquez Site 25,25,11/1/2014,7,"Nov. 1-8, 2014",0,0,0,0,0,0,14,0,0,0,0,1,0,6,0,2,1,0,1,0,0,0,0,1,0,0,0,0,0,0,0,1,0,0,0,0,0,0,0,0,0,0,0,0,0,0,0,0,0,0,0,0,2,3,0,0,0,1,0,0,0,0,0,0,0,0,1,1,0,0,1,0,6,0,11,0,0,0,0,0,13,0,0,0,0,0,0,0,0,0,0,0,0,0,0,0,0,0,0,0,66
16733,Creason Site 27,27,11/1/2014,7,"Nov. 1-8, 2014",0,0,0,0,0,0,0,0,0,0,0,2,0,2,0,0,0,0,1,0,0,0,0,0,0,0,0,0,0,0,0,0,0,0,0,0,0,0,0,0,0,0,0,0,0,0,0,0,0,0,0,2,0,0,0,0,0,0,0,0,0,0,0,0,0,0,0,0,0,0,0,0,0,0,0,0,0,0,0,0,1,0,0,0,0,0,0,0,0,0,0,0,0,0,0,0,0,0,0,0,8
16755,Keller Site 28,28,11/1/2014,7,"Nov. 1-8, 2014",0,0,0,0,0,0,0,0,3,0,0,0,0,29,0,8,6,0,0,0,2,0,0,0,2,0,0,2,3,0,0,0,0,0,0,0,0,0,6,1,0,2,0,0,0,0,0,1,0,0,0,2,7,0,0,0,0,0,0,11,0,0,0,0,0,0,2,2,0,0,0,0,8,0,62,1,0,0,0,0,47,1,0,0,0,1,0,0,0,0,0,0,0,0,8,0,0,0,0,0,217
16762,Franco Site 30,30,11/1/2014,7,"Nov. 1-8, 2014",0,0,0,0,0,0,0,0,1,1,1,4,0,176,0,2,0,1,2,0,3,0,0,0,0,0,2,0,1,0,0,2,0,0,0,0,0,0,4,5,1,7,0,1,0,7,0,0,0,0,0,2,13,0,1,0,4,0,0,0,0,0,0,0,0,0,0,0,0,0,12,0,7,0,33,0,0,0,0,0,6,0,0,0,1,0,0,0,0,0,0,0,0,0,0,0,0,0,0,0,300
16721,Donahue Site 31,31,11/1/2014,7,"Nov. 1-8, 2014",0,0,0,0,0,0,1,0,0,0,0,1,0,12,0,2,1,0,6,0,2,0,0,0,0,0,0,0,0,0,0,0,4,1,0,0,0,0,0,2,0,0,0,0,0,0,0,0,0,1,0,10,14,0,0,0,2,0,0,0,4,0,0,0,0,0,0,0,0,0,2,0,5,1,64,1,0,0,0,0,1,0,0,0,0,0,0,0,0,0,0,0,0,0,0,0,0,0,1,0,138
16808,Pisano Site 4,4,11/1/2014,7,"Nov. 1-8, 2014",0,0,0,0,0,0,1,0,0,0,0,0,0,14,0,0,0,0,0,0,0,0,0,0,0,0,0,0,0,0,0,0,0,0,0,0,0,0,0,0,0,0,0,0,0,0,0,0,0,1,0,0,0,2,1,0,1,0,0,0,0,0,0,0,0,0,3,0,0,0,0,0,0,0,2,0,0,0,0,0,4,0,0,0,0,0,0,0,0,0,0,0,0,0,29,0,0,0,1,0,59
16796,Renwick Site 5,5,11/1/2014,7,"Nov. 1-8, 2014",0,0,0,0,0,0,1,0,0,0,0,0,0,2,0,2,0,0,1,0,0,0,0,0,0,0,0,0,1,0,0,0,0,0,0,0,0,0,3,2,0,1,0,0,0,0,0,0,0,0,0,0,1,0,0,0,0,0,0,0,0,0,0,0,0,0,0,0,0,0,0,0,1,0,6,0,0,0,0,0,2,0,0,0,0,0,0,0,0,0,0,0,0,0,0,0,0,0,0,0,23
16826,Koch Site 6,6,11/1/2014,7,"Nov. 1-8, 2014",0,0,0,0,0,0,2,0,1,0,0,0,0,19,3,7,0,0,0,0,2,0,0,0,1,0,0,0,1,0,0,0,1,0,0,0,0,0,2,0,0,0,0,1,0,0,0,0,0,0,0,5,4,1,1,0,0,0,0,44,0,0,0,0,0,0,0,0,0,0,1,0,14,0,19,0,0,0,0,0,25,4,0,0,0,5,0,0,0,0,0,0,0,0,1,0,0,0,5,0,169
16738,Hogg Site 7,7,11/1/2014,7,"Nov. 1-8, 2014",0,0,0,0,0,0,0,0,1,0,0,0,0,30,0,1,7,1,0,0,0,0,0,0,0,0,0,0,0,0,0,0,1,0,0,0,0,0,1,1,0,1,0,0,0,2,0,0,0,0,0,5,13,0,0,0,1,0,0,0,0,0,0,0,0,0,0,0,0,0,0,0,2,0,34,0,0,0,0,0,3,0,0,0,0,0,0,0,0,0,0,0,0,0,0,0,0,0,0,0,104
16850,Fujioka Site 8,8,11/1/2014,7,"Nov. 1-8, 2014",0,0,0,0,0,0,0,0,1,0,0,0,0,16,0,1,2,0,0,0,0,0,0,0,1,0,0,0,0,0,0,0,0,0,0,0,0,0,0,0,0,0,0,0,0,0,0,0,0,0,0,0,2,0,0,0,0,0,0,0,0,0,0,0,0,0,0,0,0,0,1,0,0,0,14,0,0,0,0,0,4,1,0,0,0,0,0,0,0,0,0,0,0,0,0,0,0,0,0,0,43
16749,Rodriguez Site 9,9,11/1/2014,7,"Nov. 1-8, 2014",0,0,0,0,0,0,0,0,0,0,0,1,0,32,0,0,0,0,0,0,0,0,0,0,0,0,0,0,0,0,0,0,1,0,0,0,0,0,0,0,0,0,0,0,0,0,0,0,0,0,0,1,0,0,0,0,1,0,0,0,0,0,0,0,0,0,0,0,0,0,0,0,2,0,1,0,0,0,0,0,4,0,0,0,0,0,0,0,0,0,0,0,0,0,0,0,0,0,0,0,43
16857,Lombard Site 26,26,11/1/2014,8,"Nov. 1-9, 2014",0,0,0,0,0,0,0,0,0,0,0,0,0,39,7,1,4,0,4,0,0,0,0,0,11,0,0,0,0,0,0,0,0,0,0,0,0,0,3,0,0,0,0,0,0,0,0,0,0,1,0,0,8,0,1,0,1,0,0,1,0,0,0,0,0,0,0,0,0,0,0,0,0,0,26,0,0,0,0,0,4,2,0,0,0,0,0,0,0,0,0,0,0,0,3,0,0,0,0,0,116
16793,Marquez Site 25,25,11/22/2014,14,"Nov. 22-Dec.6, 2014",0,0,0,0,0,0,117,0,0,0,0,0,0,61,0,0,1,3,0,1,0,0,0,0,1,0,0,2,0,0,0,9,0,0,0,0,0,0,3,2,0,1,0,0,0,0,0,0,0,1,0,0,6,17,2,0,2,0,0,0,0,0,0,0,2,0,0,0,0,0,1,0,6,0,7,0,0,0,0,0,71,1,0,0,0,0,0,0,0,0,0,0,0,0,0,0,0,0,0,0,317
16887,Higgins Site 23,23,11/22/2014,14,"Nov. 26-Dec.10,2014",0,0,0,0,0,0,0,0,0,0,0,0,0,80,0,0,1,2,0,0,0,0,0,0,1,0,0,0,0,0,0,0,1,0,0,1,0,0,0,0,0,0,2,0,0,0,0,0,0,0,0,0,0,0,0,0,4,0,0,2,0,0,0,0,0,0,0,0,0,0,0,0,0,0,3,0,0,0,0,0,18,0,0,0,0,0,0,0,0,0,0,0,0,0,1,0,0,0,0,0,116
16835,Ralph Site 11,11,11/28/2014,7,"Nov. 28-Dec. 5, 2014",0,0,0,0,0,0,0,0,0,0,0,1,0,0,0,0,0,1,0,0,0,0,0,0,0,0,0,3,0,0,0,0,0,0,0,0,0,0,0,1,0,1,0,0,0,0,0,0,0,0,0,0,0,2,1,0,1,0,0,0,0,0,0,0,0,0,0,1,0,0,0,0,1,0,5,0,0,0,0,0,0,0,0,0,0,0,0,0,0,0,0,0,0,0,0,0,0,0,0,0,18
16805,Louie Site 20,20,11/28/2014,7,"Nov. 28-Dec. 5, 2014",0,0,0,0,0,0,0,0,0,0,0,0,0,5,0,0,0,0,0,0,0,0,0,0,0,0,0,1,0,0,0,0,0,0,0,0,0,0,0,0,0,0,0,0,0,0,0,0,0,0,0,0,0,0,0,0,0,0,0,0,0,0,0,0,0,0,0,0,0,0,0,1,0,0,1,0,0,0,0,0,1,0,0,0,0,0,0,0,0,0,0,0,0,0,1,0,0,0,0,0,10
16788,Nature Garden Site1,1,11/28/2014,7,"Nov. 28-Dec. 5, 2014",0,0,0,0,0,0,0,0,0,0,0,0,0,0,0,0,0,0,0,0,0,0,0,0,0,0,0,0,0,0,0,0,0,0,0,0,0,0,0,0,0,0,0,0,0,0,0,0,0,1,0,0,0,0,0,0,0,0,0,0,0,0,0,0,0,0,0,0,0,0,0,0,0,0,0,0,0,0,0,0,0,0,0,0,0,0,0,0,0,0,0,0,0,0,0,0,0,0,0,0,1
16818,Steptoe Site 10,10,11/29/2014,7,"Nov. 29-Dec. 6, 2014",0,0,0,0,0,0,1,0,0,0,0,0,0,14,0,0,2,0,0,0,0,0,0,0,0,0,0,0,0,0,0,0,0,0,0,0,0,0,0,0,0,0,0,0,0,0,0,0,0,0,0,0,6,0,0,0,0,0,0,0,0,0,0,0,0,0,0,0,0,0,0,0,3,0,0,0,0,0,0,0,3,0,0,0,0,0,0,0,0,0,0,0,0,0,0,0,0,0,0,0,29
16893,Hoffman Site 13,13,11/29/2014,7,"Nov. 29-Dec. 6, 2014",0,0,0,0,0,0,0,0,0,0,0,0,0,30,0,3,1,0,0,0,0,0,0,2,0,0,0,2,0,0,0,0,0,0,0,0,0,0,0,0,1,3,0,1,0,0,0,0,37,0,0,20,0,0,45,0,2,0,0,0,0,0,1,0,1,0,0,0,0,0,0,0,0,0,20,3,0,0,0,0,0,0,0,0,0,0,0,0,0,0,0,0,0,0,0,0,0,0,0,0,172
16882,Harding Site 14,14,11/29/2014,7,"Nov. 29-Dec. 6, 2014",0,0,0,0,0,0,5,0,3,0,0,1,0,26,1,3,0,4,0,0,0,0,0,0,0,0,1,1,0,0,0,0,0,0,0,0,0,0,2,0,0,1,0,2,0,0,0,2,0,0,0,49,7,0,2,5,8,0,0,0,0,0,0,0,0,0,0,0,0,0,0,4,2,0,21,1,0,0,0,0,5,0,0,0,0,0,0,0,0,0,0,0,0,0,0,0,0,0,0,0,156
16973,Defibaugh Site 15,15,11/29/2014,7,"Nov. 29-Dec. 6, 2014",0,0,0,0,0,0,0,0,0,0,0,0,0,57,0,0,0,1,0,0,0,0,0,0,0,0,0,2,0,0,0,0,0,0,0,0,0,0,1,0,0,1,0,0,0,0,0,0,0,0,0,0,5,5,5,0,12,0,0,0,0,0,0,1,0,0,13,0,0,0,6,0,7,0,7,5,0,0,0,0,12,1,0,0,0,0,0,0,0,0,0,0,0,0,9,0,0,0,0,0,150
16920,Armstrong Site 17,17,11/29/2014,7,"Nov. 29-Dec. 6, 2014",0,0,0,0,0,0,0,0,1,0,0,0,0,145,2,4,0,2,0,0,1,0,0,0,0,0,0,1,0,0,0,0,0,0,0,0,0,0,2,0,1,1,0,1,0,0,0,0,0,0,0,6,0,1,3,0,0,0,0,0,0,0,0,0,0,0,0,0,0,0,0,1,0,0,8,2,0,0,0,0,13,0,0,0,0,0,0,0,0,0,0,0,0,0,0,0,0,0,0,0,195
16906,Cianci Site 21,21,11/29/2014,7,"Nov. 29-Dec. 6, 2014",0,0,0,0,0,0,0,0,0,0,0,0,0,51,0,0,0,0,0,0,0,0,0,0,0,0,0,0,0,0,0,0,0,0,0,0,0,0,1,0,0,0,0,1,0,0,0,0,0,0,0,0,2,0,2,0,0,0,0,0,0,0,0,0,0,0,0,0,0,0,0,1,0,0,1,0,0,0,0,0,0,0,0,0,0,0,0,0,0,0,0,0,0,0,0,0,0,0,0,0,59
16941,Hogue Site 24,24,11/29/2014,7,"Nov. 29-Dec. 6, 2014",0,0,0,0,0,0,1,0,0,0,0,0,0,30,0,2,0,1,0,0,0,0,0,1,0,0,0,0,0,0,0,0,0,0,0,0,0,0,0,0,0,2,0,0,0,0,0,0,0,0,0,3,7,0,3,0,1,0,0,0,0,0,0,0,0,0,0,0,0,0,0,2,0,0,9,0,0,0,0,0,6,0,0,0,0,0,0,0,0,0,0,0,0,0,1,0,0,0,0,0,69
16861,Lombard Site 26,26,11/29/2014,7,"Nov. 29-Dec. 6, 2014",0,0,0,0,0,0,0,0,0,0,0,0,0,37,2,0,0,0,0,0,0,0,0,0,0,0,0,0,0,0,0,0,0,0,0,0,0,0,1,0,0,0,0,1,0,0,0,0,0,1,0,2,4,1,0,0,0,0,0,0,0,0,0,1,0,0,0,0,0,0,0,0,1,0,8,0,0,0,0,0,1,0,0,0,0,0,0,0,0,0,0,0,0,0,0,0,0,0,0,0,60
16927,Creason Site 27,27,11/29/2014,7,"Nov. 29-Dec. 6, 2014",0,0,0,0,0,0,0,0,0,0,0,0,0,0,0,0,0,1,0,0,0,0,0,0,0,0,0,0,0,0,0,0,0,0,0,0,0,0,0,0,1,0,0,0,0,0,0,0,0,0,0,12,0,0,0,0,7,0,0,0,0,0,0,0,1,0,0,0,0,0,0,0,0,0,0,0,0,0,0,0,0,0,0,0,0,0,0,0,0,0,0,0,0,0,0,0,0,0,0,0,22
16962,Keller Site 28,28,11/29/2014,7,"Nov. 29-Dec. 6, 2014",0,0,0,0,0,0,2,0,4,0,0,0,0,186,0,4,1,0,0,0,1,0,0,0,0,0,0,3,1,0,0,1,0,0,0,0,0,0,4,0,0,0,0,1,0,0,0,0,0,1,0,5,5,1,1,0,11,0,0,0,0,0,1,0,0,0,0,1,0,0,0,0,3,0,16,0,0,0,0,0,63,0,0,0,0,0,0,0,0,0,0,0,0,0,9,0,0,0,0,0,325
16948,Brejcha Site 29,29,11/29/2014,7,"Nov. 29-Dec. 6, 2014",0,0,0,0,0,0,0,0,0,0,0,0,0,13,0,2,0,2,0,0,0,0,0,0,0,0,0,0,0,0,0,0,0,0,0,0,0,0,0,0,0,0,0,0,0,0,0,0,0,0,0,3,2,0,1,0,0,0,0,0,0,0,0,0,0,0,0,0,0,0,0,0,0,0,6,0,0,0,0,0,0,0,0,0,0,0,0,0,0,0,0,0,0,0,0,0,0,0,0,0,29
16955,Franco Site 30,30,11/29/2014,7,"Nov. 29-Dec. 6, 2014",0,0,0,0,0,0,2,0,0,0,0,0,0,41,1,0,0,1,0,0,0,0,0,0,0,0,0,0,0,0,0,0,0,0,0,0,0,0,2,0,2,1,0,0,0,1,0,0,0,0,0,1,1,0,2,0,6,0,0,0,0,0,0,1,0,0,0,0,0,0,2,0,1,0,14,0,0,0,0,0,0,0,0,0,0,0,0,0,0,0,0,0,0,0,0,0,0,0,0,0,79
16900,Donahue Site 31,31,11/29/2014,7,"Nov. 29-Dec. 6, 2014",0,0,0,0,0,0,2,0,0,0,0,0,0,12,0,2,0,2,1,0,0,0,0,0,0,0,0,0,0,0,0,0,0,0,0,0,0,0,0,0,0,0,0,4,0,0,0,0,0,0,0,3,5,0,2,0,2,0,0,0,0,0,0,0,0,0,0,0,0,0,0,0,2,0,12,0,0,0,0,0,0,0,0,0,0,0,0,0,0,0,0,0,0,0,0,0,0,0,0,0,49
17004,Pisano Site 4,4,11/29/2014,7,"Nov. 29-Dec. 6, 2014",0,0,0,0,0,0,1,0,0,0,0,0,0,33,5,0,0,3,0,0,1,0,0,0,0,0,0,0,0,0,0,0,0,1,0,0,0,0,1,0,0,0,0,1,0,0,0,0,0,0,0,2,1,0,0,0,4,0,0,0,0,0,0,0,0,0,0,0,0,0,0,0,0,0,4,0,0,0,0,0,10,0,0,0,0,0,0,0,0,0,0,0,0,0,60,0,0,0,3,0,130
16984,Renwick Site 5,5,11/29/2014,7,"Nov. 29-Dec. 6, 2014",0,0,0,0,0,0,9,0,0,0,0,0,0,4,0,0,0,0,0,0,0,0,0,0,0,0,0,0,0,0,0,0,0,0,0,0,0,0,7,0,0,0,0,0,0,0,0,0,0,0,0,6,1,3,0,0,2,0,0,0,0,0,0,0,1,0,0,0,0,0,0,0,0,0,4,0,0,0,0,0,0,0,0,0,0,0,0,0,0,0,0,0,0,0,0,0,0,0,0,0,37
16830,Koch Site 6,6,11/29/2014,7,"Nov. 29-Dec. 6, 2014",0,0,0,0,0,0,0,0,0,0,0,0,0,37,1,1,0,1,0,0,0,0,0,0,1,0,0,0,1,0,0,0,0,1,0,0,0,0,1,0,0,0,0,0,0,1,0,0,0,0,0,18,12,2,2,1,0,0,0,2,0,0,1,0,1,0,0,0,0,0,0,2,8,0,8,0,0,0,0,0,12,0,0,0,0,0,0,0,0,0,0,0,0,0,1,0,0,0,1,0,116
16913,Hogg Site 7,7,11/29/2014,7,"Nov. 29-Dec. 6, 2014",0,0,0,0,0,0,2,0,0,0,0,0,0,55,0,4,0,2,0,0,0,0,0,0,0,0,0,0,0,0,0,0,0,0,0,0,0,0,1,0,2,8,0,0,0,0,0,0,0,0,0,8,8,0,4,0,1,0,0,1,0,0,0,0,1,0,0,0,0,0,0,1,2,0,15,0,0,0,0,0,5,1,0,0,0,0,0,0,0,0,0,0,0,0,0,0,0,0,0,0,121
16854,Fujioka Site 8,8,11/29/2014,7,"Nov. 29-Dec. 6, 2014",0,0,0,0,0,0,1,0,0,0,0,0,0,38,0,0,0,0,0,0,0,0,0,0,0,0,0,0,0,0,0,1,0,0,0,0,0,0,0,0,0,0,0,0,0,0,0,0,0,0,0,0,0,0,1,0,0,0,0,0,0,0,0,0,0,0,0,0,0,0,0,1,0,0,9,0,0,0,0,0,0,0,0,0,0,0,0,0,0,0,0,0,0,0,1,0,0,0,0,0,52
16934,Rodriguez Site 9,9,11/29/2014,7,"Nov. 29-Dec. 6, 2014",0,0,0,0,0,0,0,0,0,0,0,0,0,44,0,1,0,0,0,0,0,0,0,0,0,0,0,0,0,0,0,1,0,0,0,0,0,0,2,0,0,0,0,3,0,0,0,0,0,0,0,0,0,0,1,2,5,0,0,0,0,0,0,0,0,0,0,0,0,0,0,0,1,0,3,0,0,0,0,0,0,0,0,0,0,0,0,0,0,0,0,0,0,0,0,0,0,0,0,0,63
16690,Hein Site 16,16,10/29/2014,6,"Oct 29- Nov 5, 2014",0,0,0,0,0,0,3,0,0,0,0,3,0,8,0,0,0,0,0,0,0,0,0,0,0,0,0,0,0,0,0,1,0,0,0,0,0,0,0,3,0,1,0,0,0,0,0,0,0,0,0,1,3,4,1,0,4,0,0,1,0,0,0,0,0,0,0,1,0,0,0,0,3,0,8,0,0,0,0,0,8,0,0,0,0,0,0,0,0,0,0,0,0,0,2,0,0,0,0,0,55
16831,Ralph Site 11,11,10/31/2014,7,"Oct 31- Nov 7, 2014",0,0,0,0,0,0,0,0,0,0,0,0,0,1,0,0,0,0,0,0,0,0,0,0,0,0,0,2,0,0,0,0,0,0,0,0,0,0,0,2,0,0,0,1,0,0,0,0,0,0,0,1,0,7,0,0,0,0,0,0,0,0,0,0,0,0,0,2,0,0,0,0,1,0,5,0,0,0,0,0,1,0,0,0,0,0,0,0,0,0,0,0,0,0,0,0,0,0,0,0,23
16801,Louie Site 20,20,10/31/2014,7,"Oct 31- Nov 7, 2014",0,0,0,0,0,0,0,0,0,0,0,0,0,6,1,2,1,0,0,0,0,0,0,1,2,0,0,0,0,0,0,0,0,0,0,0,0,0,0,1,0,0,0,0,0,0,0,0,0,0,0,0,0,0,0,0,0,0,0,0,0,0,0,0,0,0,0,0,0,0,0,0,1,0,5,0,0,0,0,0,0,0,0,0,0,0,0,0,0,0,0,0,0,0,0,0,0,0,0,0,20
16697,Nature Garden Site1,1,10/31/2014,7,"Oct 31- Nov 7, 2014",0,0,0,0,0,0,0,0,0,0,0,0,0,3,0,0,0,0,1,0,0,0,0,0,0,0,0,0,0,0,0,0,0,0,0,0,0,0,0,0,0,0,0,0,0,0,0,0,0,1,0,1,0,0,0,0,0,0,0,0,0,0,0,0,0,0,0,0,0,0,0,0,0,0,3,0,0,0,0,0,10,0,0,0,0,0,0,0,0,0,0,0,0,0,0,0,0,0,0,0,19
16686,Hein Site 16,16,11/1/2014,7,"Oct. 1-8, 2014",0,0,0,0,0,1,0,0,0,0,0,2,0,7,0,0,1,0,0,0,0,0,0,0,2,0,0,0,0,0,0,1,0,0,0,0,0,0,1,3,0,0,1,0,0,0,0,0,0,1,0,0,0,0,0,0,0,0,0,2,0,0,0,0,0,0,1,0,0,0,0,0,8,0,6,0,0,0,0,0,13,0,0,0,0,0,0,0,0,0,0,0,0,0,1,1,0,0,1,0,53
16607,Hentschke Site 3,3,10/1/2014,7,"Oct. 1-8, 2014",0,0,0,0,0,0,0,0,0,0,0,10,0,37,0,0,0,0,0,0,0,0,0,0,1,0,0,1,0,0,0,3,1,0,0,0,0,0,1,10,0,0,2,0,0,0,0,0,0,0,0,0,3,8,0,0,0,0,0,1,0,0,0,0,0,0,0,3,0,0,1,0,2,0,10,0,0,0,0,0,19,0,0,0,0,0,0,0,0,0,0,0,0,0,0,0,0,0,0,0,113
16703,Higgins Site 23,23,10/1/2014,8,"Oct. 1-9, 2014",0,0,0,0,0,1,0,0,0,1,0,0,0,25,0,0,0,0,0,0,0,0,0,0,2,0,0,1,0,0,0,0,0,0,0,0,0,0,0,1,0,0,0,0,0,0,0,0,0,0,0,0,2,0,0,0,0,0,0,42,0,0,0,0,0,0,0,0,0,0,1,0,6,0,6,0,0,0,0,0,14,0,0,0,0,0,0,0,0,0,0,0,0,0,1,0,0,0,0,0,103
16786,Brejcha Site 29,29,10/25/2014,14,"Oct. 25- Nov. 8, 2014",0,0,0,0,0,0,0,0,2,0,0,0,0,27,0,4,1,0,0,0,0,0,0,0,11,0,0,0,4,0,0,0,3,0,0,0,0,0,0,0,0,2,0,0,0,0,0,0,0,0,0,2,1,0,0,0,0,0,0,1,0,0,0,0,0,0,0,0,0,0,7,0,1,0,35,0,0,0,0,0,1,0,0,0,0,0,0,0,0,0,0,0,0,0,0,1,0,0,0,0,103
16871,Carthay Site 19,19,10/28/2014,7,"Oct. 28- Nov. 4, 2015",0,0,0,0,0,1,9,0,1,0,0,0,0,45,0,0,1,0,0,0,0,0,0,0,2,0,0,3,0,0,0,0,0,0,0,0,0,0,2,5,0,0,0,0,0,0,0,0,0,0,0,0,14,2,0,0,3,0,0,40,0,0,0,0,0,1,0,0,0,0,0,0,43,0,19,0,0,0,0,0,19,4,0,0,0,0,0,0,0,0,0,0,0,0,1,1,0,0,0,0,216
16819,Johnson Site 22,22,10/28/2014,7,"Oct. 28- Nov. 4, 2015",0,0,0,0,0,0,0,0,1,0,0,0,0,0,0,1,1,0,1,0,1,0,0,0,0,0,0,0,0,0,0,0,0,0,0,0,0,0,0,1,0,0,0,0,0,0,0,0,0,0,0,1,3,0,0,0,0,0,0,0,0,0,0,0,0,0,0,0,0,0,0,0,15,0,6,0,0,0,0,0,1,0,0,0,0,0,0,0,0,0,0,0,0,0,0,0,0,0,0,0,32
16774,Hentschke Site 3,3,10/29/2014,7,Oct. 29- Nov. 5,0,0,0,0,0,0,0,0,0,0,0,3,0,34,0,0,1,0,0,0,0,0,0,0,1,0,0,1,0,0,0,0,0,0,0,0,0,0,0,6,0,1,0,0,0,0,0,0,0,1,0,1,1,2,0,0,3,0,0,0,0,0,0,0,0,0,0,1,0,0,0,0,2,0,9,0,0,0,0,0,6,1,0,0,0,0,0,0,0,0,0,0,0,0,0,1,0,0,0,0,75
16707,Higgins Site 23,23,10/29/2014,9,"Oct. 29-Nov. 7, 2014",0,0,0,0,0,0,0,0,0,0,0,0,0,46,0,2,1,0,0,0,0,0,0,0,4,0,0,2,0,0,0,0,0,0,0,0,0,0,0,2,0,0,0,0,0,0,0,1,0,0,0,0,3,0,0,0,0,0,0,9,0,0,0,0,0,0,1,0,0,0,0,0,4,0,17,0,0,0,0,0,23,0,0,0,0,0,0,0,0,0,0,0,0,0,2,0,0,0,0,0,117
16603,Hentschke Site 3,3,9/3/2014,7,"Sep 3-10, 2014",0,0,0,0,0,0,0,0,0,0,0,17,0,21,0,0,1,0,0,0,0,0,0,1,1,0,0,0,0,0,0,1,0,1,0,0,0,0,0,9,0,1,0,0,0,0,0,0,0,1,0,0,8,6,0,0,0,0,0,0,0,0,0,0,0,2,0,2,0,0,1,0,5,0,4,0,0,0,0,0,22,1,0,0,0,0,0,0,0,0,0,0,0,0,0,0,0,0,0,0,105
16466,Koch Site 6,6,9/1/2014,6,"Sept. 1-7, 2014",0,0,0,0,0,0,0,0,0,0,0,0,0,5,3,0,0,0,0,0,3,0,0,0,3,0,0,0,0,0,0,0,0,0,0,0,0,0,1,0,0,0,0,0,0,0,0,0,0,1,0,1,2,0,0,0,2,0,0,17,0,0,0,0,0,0,1,0,0,0,0,0,9,0,3,0,0,0,0,0,7,0,0,0,0,9,0,0,0,0,0,0,0,0,1,0,0,0,0,0,68
16513,Carthay Site 19,19,9/2/2014,7,"Sept. 2-9, 2014",0,0,0,0,0,0,10,0,0,1,0,1,0,55,6,0,2,0,0,0,0,0,0,0,1,0,0,0,0,0,0,0,0,1,0,0,0,0,0,1,0,0,0,0,0,0,0,0,0,0,0,0,0,4,0,0,12,0,0,9,0,0,0,0,0,0,2,0,0,0,1,0,60,0,8,0,0,0,0,0,18,2,0,0,0,0,0,0,0,0,0,0,0,0,4,1,0,0,0,0,199
16477,Johnson Site 22,22,9/2/2014,7,"Sept. 2-9, 2014",0,0,0,0,0,0,1,0,0,0,0,0,0,1,0,0,0,0,0,0,0,0,0,0,0,0,0,0,0,0,0,0,0,0,0,0,0,0,0,0,0,0,0,0,0,0,0,0,0,1,0,0,0,0,0,0,0,0,0,0,0,0,0,0,0,0,0,0,0,0,0,0,0,0,0,0,0,0,0,0,0,1,0,0,0,1,0,0,0,0,0,0,0,0,0,0,0,0,0,0,5
16680,Ralph Site 11,11,9/26/2014,7,"Sept. 26- Oct. 3, 2014",0,0,0,0,0,0,1,0,0,0,0,0,0,0,0,0,0,0,0,0,0,0,0,0,1,0,0,3,0,0,0,0,0,0,0,0,0,0,0,2,0,1,0,0,0,0,0,0,0,0,0,0,0,0,0,0,0,0,0,0,0,0,0,0,0,0,0,3,0,0,0,0,2,0,2,0,0,0,0,0,0,0,0,0,0,0,0,0,0,0,0,0,0,0,0,0,0,0,0,0,15
16693,Louie Site 20,20,9/26/2014,7,"Sept. 26- Oct. 3, 2014",0,0,0,0,0,0,0,0,0,0,0,0,0,4,3,0,0,0,0,0,0,0,0,0,0,0,0,0,0,0,0,0,0,0,0,0,0,0,0,0,0,0,0,0,0,0,0,0,0,0,0,0,0,0,0,0,0,0,0,1,0,0,0,0,0,0,0,0,0,0,0,0,0,0,0,0,0,0,0,0,2,0,0,0,0,0,0,0,0,0,0,0,0,0,0,0,0,0,0,0,10
16535,Nature Garden Site1,1,9/26/2014,7,"Sept. 26- Oct. 3, 2014",0,0,0,0,0,0,0,0,0,0,0,0,0,2,0,0,0,0,0,0,0,0,0,0,0,0,0,0,0,0,0,0,0,1,0,0,0,0,0,0,0,0,0,0,0,0,0,0,0,0,0,0,0,0,0,0,0,0,0,0,0,0,0,0,0,0,0,0,0,0,1,0,1,0,7,0,0,0,0,0,39,0,0,0,0,0,0,0,0,0,0,0,0,0,0,0,0,0,0,0,51
16722,Hoffman Site 13,13,9/26/2014,8,"Sept. 26-Oct.4, 2014",0,0,0,0,1,2,0,0,0,0,0,2,0,27,0,0,0,0,1,0,1,2,0,0,30,0,0,0,0,0,0,1,3,0,0,0,0,0,0,1,0,3,1,0,0,0,0,0,0,0,0,0,15,1,0,0,1,0,0,1,11,0,0,0,0,0,0,0,0,0,5,0,0,0,5,8,0,0,0,0,0,0,0,2,0,0,0,0,0,0,0,0,0,0,0,0,0,3,3,0,130
16644,Koch Site 6,6,9/27/2014,8,"Sept. 27- Oct. 5, 2014",0,0,0,0,0,0,1,0,1,0,0,0,0,6,2,0,0,0,0,0,1,0,0,0,2,0,0,0,0,0,0,0,1,0,0,0,0,0,1,0,0,0,0,0,0,0,0,0,0,0,0,0,1,2,0,0,0,0,0,98,0,0,0,0,0,0,1,0,0,0,0,0,15,0,5,0,0,0,0,0,3,2,0,0,0,11,0,0,0,0,0,0,0,0,2,0,0,0,0,0,155
16621,Steptoe Site 10,10,9/27/2014,7,"Sept. 27- Oct.4, 2014",0,0,0,0,0,0,0,0,0,0,0,0,0,0,0,0,0,0,0,0,0,0,0,0,0,0,0,0,0,0,0,0,0,0,0,0,0,0,0,0,0,0,0,0,0,0,0,0,0,0,0,0,0,0,0,0,0,0,0,0,0,0,0,0,0,0,0,0,0,0,0,0,0,0,0,0,0,0,0,0,0,0,0,0,0,0,0,0,0,0,0,0,0,0,0,0,0,0,0,0,0
16675,Oxborough Site 12,12,9/27/2014,7,"Sept. 27- Oct.4, 2014",0,0,0,0,0,0,0,0,1,0,0,1,0,9,0,0,0,0,2,0,0,0,0,0,0,0,0,1,0,0,0,0,1,0,0,0,0,0,0,0,0,0,0,0,0,0,0,0,0,0,0,0,0,0,0,0,1,0,0,1,0,0,0,0,0,0,0,0,0,0,0,0,5,0,2,0,0,0,0,0,8,0,0,0,0,0,0,0,0,0,0,0,0,0,1,0,0,0,0,0,33
16698,Harding Site 14,14,9/27/2014,7,"Sept. 27- Oct.4, 2014",0,0,0,0,0,0,0,0,0,0,0,1,0,5,0,0,0,0,0,0,0,0,0,0,0,0,0,0,0,0,0,0,0,0,0,0,0,0,0,0,0,0,0,0,0,0,0,0,0,0,0,0,2,0,0,0,0,0,0,0,0,0,0,0,0,0,0,0,0,0,1,0,1,0,0,0,0,0,0,0,0,0,0,0,0,1,0,0,0,0,0,0,0,0,0,0,0,0,0,0,11
16613,Defibaugh Site 15,15,9/27/2014,7,"Sept. 27- Oct.4, 2014",0,0,0,0,0,0,0,0,0,0,0,0,0,24,0,0,0,0,0,0,0,0,0,0,0,0,0,0,0,0,0,0,0,0,0,0,0,0,1,0,0,0,0,0,0,0,0,0,0,0,0,1,3,1,0,0,4,0,0,11,0,0,0,0,0,0,19,0,0,0,1,0,5,0,4,1,0,0,0,0,4,0,0,0,0,0,0,0,0,0,0,0,0,0,4,0,0,0,0,0,83
16710,Armstrong Site 17,17,9/27/2014,7,"Sept. 27- Oct.4, 2014",0,0,0,0,0,0,0,0,0,0,0,0,0,10,0,0,0,0,0,0,0,0,0,0,1,0,0,0,0,0,0,0,0,0,0,0,0,0,0,0,0,0,0,0,0,0,0,0,0,0,0,0,1,0,0,0,0,0,0,1,0,0,0,0,0,0,0,0,0,0,0,0,1,0,2,0,0,0,0,0,8,0,0,0,0,0,0,0,0,0,0,0,0,0,1,0,0,0,0,0,25
16669,Wiegman Site 18,18,9/27/2014,7,"Sept. 27- Oct.4, 2014",0,0,0,0,0,0,0,0,0,0,0,0,0,93,1,0,0,0,0,0,1,0,0,0,4,0,0,0,0,0,0,0,0,0,0,0,0,0,0,0,0,0,0,0,0,0,0,0,0,0,0,0,4,0,0,0,1,0,0,1,0,0,0,0,0,0,3,0,0,0,0,0,3,0,12,0,0,0,0,0,2,0,0,0,0,0,0,0,0,0,0,0,0,0,1,0,0,0,0,0,126
16764,Cianci Site 21,21,9/27/2014,7,"Sept. 27- Oct.4, 2014",0,0,0,0,0,0,0,0,0,0,0,0,0,7,0,0,0,0,0,0,0,0,0,0,0,0,0,0,0,0,0,0,0,0,0,0,0,0,0,0,0,0,0,0,0,0,0,0,0,0,0,0,0,0,0,0,0,0,0,0,0,0,0,0,0,0,0,0,0,0,0,0,0,0,0,0,0,0,0,0,0,0,0,0,0,0,0,0,0,0,0,0,0,0,0,0,0,0,0,0,7
16584,Hogue Site 24,24,9/27/2014,7,"Sept. 27- Oct.4, 2014",0,0,0,0,0,0,0,0,1,0,0,0,0,17,0,0,0,0,0,0,0,0,0,0,1,0,0,0,0,0,0,0,0,0,0,0,0,0,0,2,0,0,0,0,0,0,0,0,0,0,0,0,3,0,0,0,1,0,0,9,0,0,0,0,0,0,0,0,0,0,0,0,0,0,0,0,0,0,0,0,3,1,0,0,0,5,0,0,0,0,0,0,0,0,0,0,0,0,0,0,43
16637,Marquez Site 25,25,9/27/2014,7,"Sept. 27- Oct.4, 2014",0,0,0,0,0,0,2,0,0,0,0,0,0,3,0,0,0,0,0,0,0,0,0,0,0,0,0,2,0,0,0,6,0,1,0,0,0,0,1,8,0,2,1,0,0,0,0,0,0,0,0,0,11,2,0,0,1,0,0,0,0,0,0,0,0,0,0,0,0,0,0,0,17,0,7,0,0,0,0,0,27,0,0,0,0,0,0,0,0,0,0,0,0,0,0,3,0,0,0,0,94
16663,Lombard Site 26,26,9/27/2014,7,"Sept. 27- Oct.4, 2014",0,0,0,0,0,0,0,0,0,0,0,0,0,17,7,0,1,0,2,0,3,0,0,0,5,0,0,1,0,0,0,0,0,0,0,0,0,0,1,1,0,3,0,0,0,0,0,0,0,0,0,0,5,0,0,0,0,0,0,1,0,0,0,0,0,0,3,0,0,0,0,0,2,0,7,0,0,0,0,0,1,9,0,0,0,0,0,0,0,0,0,0,0,0,0,0,0,0,0,0,69
16728,Creason Site 27,27,9/27/2014,7,"Sept. 27- Oct.4, 2014",0,0,0,0,0,0,0,0,0,0,0,0,0,1,0,0,0,0,0,0,0,0,0,0,0,0,0,0,0,0,0,0,0,0,0,0,0,0,0,0,0,0,0,0,0,0,0,0,0,1,0,0,2,0,0,0,0,0,0,0,0,0,0,0,0,0,0,0,0,0,0,0,0,0,4,0,0,0,0,0,0,0,0,0,0,0,0,0,0,0,0,0,0,0,0,0,0,0,0,0,8
16601,Keller Site 28,28,9/27/2014,7,"Sept. 27- Oct.4, 2014",0,0,0,0,0,0,0,0,3,0,0,1,0,41,1,0,0,0,0,0,3,0,0,0,8,0,0,0,2,0,0,1,0,0,0,0,0,0,7,2,0,0,1,0,0,0,0,0,0,0,0,0,1,1,0,0,1,0,0,45,0,0,0,0,0,0,3,0,0,0,0,0,8,0,13,0,0,0,0,0,29,1,0,0,0,0,0,0,0,0,0,0,0,0,2,0,0,0,0,0,174
16578,Brejcha Site 29,29,9/27/2014,7,"Sept. 27- Oct.4, 2014",0,0,0,0,0,0,0,0,0,0,0,0,0,0,0,0,0,0,0,0,0,0,0,0,4,0,0,0,0,0,0,0,0,0,0,0,0,0,1,0,0,1,0,0,0,0,0,0,0,0,0,0,0,0,0,0,0,0,0,1,0,0,0,0,0,0,0,0,0,0,5,0,0,0,8,0,0,0,0,0,0,0,0,0,0,2,0,0,0,0,0,0,0,0,0,0,0,0,0,0,22
16595,Franco Site 30,30,9/27/2014,7,"Sept. 27- Oct.4, 2014",0,0,0,0,0,0,0,0,0,0,0,4,0,55,0,0,0,0,0,0,0,0,0,0,2,0,0,1,1,0,0,4,0,0,0,0,0,0,0,2,0,9,0,0,0,4,0,0,0,0,0,0,2,3,0,0,1,0,0,2,0,0,0,0,0,0,1,0,0,0,31,0,6,0,6,0,0,0,0,0,0,1,0,0,0,4,0,0,0,0,0,0,0,0,0,0,0,0,0,0,139
16716,Donahue Site 31,31,9/27/2014,7,"Sept. 27- Oct.4, 2014",0,0,0,0,1,0,0,0,0,0,0,0,0,6,0,0,0,0,0,0,4,0,0,0,0,0,0,0,0,0,0,0,0,0,0,0,0,0,0,0,0,0,0,0,0,0,0,0,0,0,0,0,2,0,0,0,0,0,0,0,0,0,0,0,0,0,0,0,0,0,1,0,2,0,7,0,0,0,0,0,0,0,0,0,0,2,0,0,0,0,0,0,0,0,0,0,0,0,0,0,25
16632,Pisano Site 4,4,9/27/2014,7,"Sept. 27- Oct.4, 2014",0,0,0,0,0,1,0,0,0,0,0,0,0,15,2,0,0,0,1,0,0,0,0,0,10,0,0,0,0,0,0,0,0,0,0,0,0,0,0,1,0,1,0,0,0,0,0,0,0,0,0,1,8,0,0,0,1,0,0,1,0,1,0,0,0,0,2,0,0,0,0,0,3,0,19,0,0,0,0,0,19,0,0,0,0,0,0,0,0,0,0,0,0,0,9,0,0,0,3,0,98
16627,Renwick Site 5,5,9/27/2014,7,"Sept. 27- Oct.4, 2014",0,0,0,0,0,0,2,0,0,0,0,0,0,3,0,0,0,0,0,0,4,0,0,0,0,0,0,0,0,0,0,0,0,0,0,0,0,0,2,8,0,0,0,0,0,0,0,0,0,0,0,0,0,1,0,0,0,0,0,0,0,0,0,0,0,0,0,0,0,0,0,0,6,0,6,0,0,0,0,0,0,0,0,0,0,0,0,0,0,0,0,0,0,0,0,0,0,0,0,0,32
16560,Hogg Site 7,7,9/27/2014,7,"Sept. 27- Oct.4, 2014",0,0,0,0,0,0,0,0,0,0,0,0,0,2,0,0,0,0,0,0,0,0,0,0,1,0,0,0,1,0,0,0,0,0,0,0,0,0,2,4,0,5,0,0,0,1,0,0,0,0,0,0,2,0,0,0,0,0,0,2,0,0,0,0,0,0,0,0,0,0,10,0,3,0,7,0,0,0,0,0,2,0,0,0,0,0,0,0,0,0,0,0,0,0,0,0,0,0,0,0,42
16657,Fujioka Site 8,8,9/27/2014,7,"Sept. 27- Oct.4, 2014",0,0,0,0,0,0,0,0,0,0,0,0,0,0,0,0,0,0,0,0,0,0,0,0,0,0,0,0,0,0,0,0,0,0,0,0,0,0,0,0,0,0,0,0,0,0,0,0,0,0,0,0,0,0,0,0,0,0,0,0,0,0,0,0,0,0,0,0,0,0,0,0,0,0,0,0,0,0,0,0,0,0,0,0,0,0,0,0,0,0,0,0,0,0,0,0,0,0,0,0,0
16589,Rodriguez Site 9,9,9/27/2014,7,"Sept. 27- Oct.4, 2014",0,0,0,0,0,0,0,0,0,0,0,0,0,2,0,0,0,0,0,0,0,0,0,0,0,0,0,0,0,0,0,0,0,0,0,0,0,0,0,0,0,0,0,0,0,0,0,0,0,0,0,0,0,0,0,0,0,0,0,0,0,0,0,0,0,0,0,0,0,0,0,0,0,0,0,0,0,0,0,0,0,0,0,0,0,0,0,0,0,0,0,0,0,0,0,0,0,0,0,0,2
16519,Hein Site 16,16,9/3/2014,7,"Sept. 3-10, 2014",0,0,0,0,0,2,1,0,1,0,0,4,0,11,0,0,0,0,0,0,0,0,0,0,0,0,0,2,0,0,0,8,0,16,0,0,0,0,2,14,0,0,0,0,0,0,0,0,0,0,0,1,1,5,0,0,1,0,0,11,0,0,0,0,0,0,2,0,0,0,0,0,15,0,22,0,0,0,0,0,21,2,0,0,0,0,0,0,0,0,0,0,0,0,1,2,0,0,0,0,145
16531,Higgins Site 23,23,9/3/2014,6,"Sept. 3-9, 2014",0,0,0,0,0,0,0,0,1,1,0,0,0,7,0,0,0,0,0,0,0,0,0,0,1,0,0,0,0,0,0,0,0,0,0,0,0,0,0,0,0,0,0,0,0,0,0,0,0,0,0,0,7,0,0,0,0,0,0,17,0,0,0,0,0,0,0,0,0,0,1,0,6,0,3,0,0,0,0,0,6,1,0,0,0,0,0,0,0,0,0,0,0,0,2,0,0,0,0,0,53
16650,Johnson Site 22,22,9/30/2014,7,"Sept. 30- Oct. 7, 2014",0,0,0,0,0,0,0,0,0,0,0,0,0,0,0,0,0,0,0,0,0,0,0,0,2,0,0,0,0,0,0,0,0,0,0,0,0,0,0,0,0,0,0,0,0,0,0,0,0,0,0,0,0,0,0,0,0,0,0,0,0,0,0,0,0,0,0,0,0,0,0,0,6,0,0,0,0,0,0,0,0,0,0,0,0,0,0,0,0,0,0,0,0,0,0,0,0,0,0,0,8
16868,Carthay Site 19,19,9/3/2014,14,"Sept. 30-Oct.14, 2014",0,0,0,0,0,0,24,0,0,0,0,1,0,39,1,0,1,0,0,0,1,0,0,0,6,0,0,4,0,0,0,0,0,0,0,0,0,0,3,7,0,0,1,0,0,0,0,0,0,2,0,0,4,5,0,0,0,0,0,76,0,0,0,0,0,0,1,0,0,0,0,0,87,0,27,0,0,0,0,0,28,17,0,0,0,0,0,0,0,0,0,0,0,0,4,0,0,0,0,0,339
,,,,,,7,71,4,1,4,177,805,7,519,144,30,171,2,10890,357,178,1428,119,645,172,335,6,1,11,350,8,15,293,31,2,14,150,202,305,3,5,4,5,1349,293,23,161,31,31,3,321,45,21,110,101,1,1047,3074,1715,372,30,3815,4,9,1509,266,658,47,32,26,205,238,75,9,2,642,27,1135,1,4233,177,1,1,4,3,2244,141,3,11,1,258,2,1,6,0,12,6,4,3,387,60,4,19,153,3,42636
