"#","Date Time, GMT-08:00","Solar Radiation, W/m² (LGR S/N: 10221051, SEN S/N: 10200137)","Voltage, V (LGR S/N: 10221051, SEN S/N: 10200855)","Current, mA (LGR S/N: 10221051, SEN S/N: 10200855)","Wetness, % (LGR S/N: 10221051, SEN S/N: 10205905)","Temp, °C (LGR S/N: 10221051, SEN S/N: 10213637)","RH, % (LGR S/N: 10221051, SEN S/N: 10213637)","DewPt, °C (LGR S/N: 10221051, SEN S/N: 10213637)","Temp, °C (LGR S/N: 10221051, SEN S/N: 10213732, LBL: 1 cm deep)","Temp, °C (LGR S/N: 10221051, SEN S/N: 10213733, LBL: 5 cm deep)","Water Content, m³/m³ (LGR S/N: 10221051, SEN S/N: 10222876)","Batt, V (LGR S/N: 10221051)"
1,2012-12-14 10:20:00,450.6,-0.2039,0.0000,1.76,14.433,62.600,7.4,15.151,13.930,0.1542,4.400
2,2012-12-14 10:25:00,253.1,-0.2039,0.0000,1.18,14.050,64.500,7.5,15.175,14.002,0.1542,4.387
3,2012-12-14 10:30:00,485.6,-0.2039,0.0000,1.18,14.816,61.400,7.5,15.247,14.050,0.1547,4.369
4,2012-12-14 10:35:00,423.1,-0.2039,0.0000,1.18,14.792,61.400,7.5,15.390,14.122,0.1542,4.363
5,2012-12-14 10:40:00,453.1,-0.2039,0.0000,1.18,14.984,64.100,8.3,15.605,14.194,0.1547,4.351
6,2012-12-14 10:45:00,129.4,-0.2039,0.0000,1.18,14.721,60.200,7.1,15.843,14.290,0.1547,4.381
7,2012-12-14 10:50:00,535.6,-0.2039,0.0000,1.76,14.697,61.800,7.5,16.058,14.361,0.1551,4.363
8,2012-12-14 10:55:00,459.4,-0.2039,0.0000,1.76,15.127,59.000,7.2,16.249,14.457,0.1551,4.400
9,2012-12-14 11:00:00,280.6,-0.2039,0.0000,1.18,14.050,60.500,6.5,16.415,14.553,0.1551,4.375
10,2012-12-14 11:05:00,479.4,-0.2039,0.0000,1.76,15.318,58.300,7.2,16.558,14.625,0.1551,4.363
11,2012-12-14 11:10:00,251.9,-0.2039,0.0000,1.76,15.557,57.200,7.1,16.654,14.721,0.1558,4.357
12,2012-12-14 11:15:00,621.9,-0.2039,0.0000,1.76,14.984,57.100,6.6,16.773,14.792,0.1551,4.442
13,2012-12-14 11:20:00,461.9,-0.2039,0.0000,1.76,15.127,56.600,6.6,16.892,14.864,0.1558,4.369
14,2012-12-14 11:25:00,270.6,-0.2039,0.0000,1.76,15.294,56.200,6.6,16.963,14.960,0.1562,4.387
15,2012-12-14 11:30:00,213.1,-0.2039,0.0000,1.18,14.433,55.600,5.7,17.034,15.008,0.1566,4.369
16,2012-12-14 11:35:00,188.1,-0.2039,0.0000,1.18,14.409,56.900,6.0,17.058,15.079,0.1566,4.363
17,2012-12-14 11:40:00,184.4,-0.2039,0.0000,1.18,14.314,56.500,5.8,17.011,15.127,0.1566,4.357
18,2012-12-14 11:45:00,423.1,-0.2039,0.0000,1.76,14.481,56.200,5.9,16.915,15.175,0.1566,4.418
19,2012-12-14 11:50:00,466.9,-0.2039,0.0000,2.35,15.867,53.800,6.5,16.820,15.199,0.1570,4.381
20,2012-12-14 11:55:00,473.1,-0.2039,0.0000,1.76,15.270,51.700,5.4,16.749,15.223,0.1570,4.369
21,2012-12-14 12:00:00,286.9,-0.2039,0.0000,1.76,15.247,50.000,4.9,16.796,15.247,0.1570,4.363
22,2012-12-14 12:05:00,153.1,-0.2039,0.0000,1.18,14.385,52.500,4.8,16.844,15.294,0.1570,4.357
23,2012-12-14 12:10:00,169.4,-0.2039,0.0000,1.18,14.050,56.000,5.4,16.868,15.318,0.1570,4.393
24,2012-12-14 12:15:00,310.6,-0.2039,0.0000,1.76,14.697,55.500,5.9,16.796,15.342,0.1570,4.387
25,2012-12-14 12:20:00,284.4,-0.2039,0.0000,1.18,15.294,54.400,6.2,16.677,15.366,0.1577,4.369
26,2012-12-14 12:25:00,321.9,-0.2039,0.0000,1.76,15.127,49.900,4.8,16.606,15.366,0.1577,4.363
27,2012-12-14 12:30:00,270.6,-0.2039,0.0000,1.18,14.888,48.900,4.3,16.582,15.366,0.1577,4.357
28,2012-12-14 12:35:00,274.4,-0.2039,0.0000,1.18,15.127,49.500,4.6,16.558,15.390,0.1577,4.393
29,2012-12-14 12:40:00,284.4,-0.2039,0.0000,1.18,14.768,51.000,4.7,16.558,15.390,0.1581,4.369
30,2012-12-14 12:45:00,223.1,-0.2039,0.0000,1.18,15.151,51.000,5.1,16.534,15.414,0.1590,4.363
31,2012-12-14 12:50:00,219.4,-0.2039,0.0000,1.18,14.816,50.300,4.6,16.511,15.414,0.1585,4.363
32,2012-12-14 12:55:00,201.9,-0.2039,0.0000,1.18,14.577,53.000,5.1,16.463,15.414,0.1581,4.393
33,2012-12-14 13:00:00,190.6,-0.2039,0.0000,1.18,14.409,53.200,5.0,16.415,15.438,0.1590,4.387
34,2012-12-14 13:05:00,175.6,-0.2039,0.0000,1.18,14.433,53.100,5.0,16.368,15.438,0.1590,4.369
35,2012-12-14 13:10:00,145.6,-0.2039,0.0000,1.18,14.242,52.800,4.8,16.320,15.438,0.1596,4.363
36,2012-12-14 13:15:00,133.1,-0.2039,0.0000,1.18,14.050,54.900,5.1,16.272,15.438,0.1590,4.363
37,2012-12-14 13:20:00,180.6,-0.2039,0.0000,1.18,14.194,56.300,5.6,16.177,15.438,0.1590,4.406
38,2012-12-14 13:25:00,189.4,-0.2039,0.0000,1.18,13.858,55.800,5.2,16.129,15.414,0.1596,4.381
39,2012-12-14 13:30:00,169.4,-0.2039,0.0000,0.59,13.786,55.200,5.0,16.034,15.414,0.1590,4.363
40,2012-12-14 13:35:00,178.1,-0.2039,0.0000,0.59,13.786,54.000,4.7,15.963,15.414,0.1590,4.363
41,2012-12-14 13:40:00,174.4,-0.2039,0.0000,1.18,13.642,52.800,4.2,15.891,15.390,0.1600,4.369
42,2012-12-14 13:45:00,134.4,-0.2039,0.0000,0.59,13.449,53.200,4.1,15.843,15.390,0.1600,4.400
43,2012-12-14 13:50:00,121.9,-0.2039,0.0000,0.59,13.473,54.500,4.5,15.796,15.366,0.1600,4.375
44,2012-12-14 13:55:00,123.1,-0.2039,0.0000,0.59,13.401,52.600,3.9,15.724,15.342,0.1600,4.363
45,2012-12-14 14:00:00,141.9,-0.2039,0.0000,0.59,13.401,54.500,4.4,15.652,15.342,0.1600,4.363
46,2012-12-14 14:05:00,150.6,-0.2039,0.0000,0.59,13.473,54.800,4.6,15.605,15.318,0.1600,4.375
47,2012-12-14 14:10:00,140.6,-0.2039,0.0000,1.18,13.473,55.700,4.8,15.557,15.294,0.1600,4.400
48,2012-12-14 14:15:00,138.1,-0.2039,0.0000,0.59,13.233,55.100,4.4,15.485,15.294,0.1600,4.375
49,2012-12-14 14:20:00,140.6,-0.2039,0.0000,1.18,13.377,54.200,4.3,15.461,15.270,0.1604,4.363
50,2012-12-14 14:25:00,110.6,-0.2039,0.0000,0.59,13.377,53.300,4.1,15.414,15.247,0.1600,4.363
51,2012-12-14 14:30:00,79.4,-0.2039,0.0000,0.59,13.185,54.200,4.1,15.366,15.247,0.1604,4.375
52,2012-12-14 14:35:00,74.4,-0.2039,0.0000,0.59,13.161,53.700,4.0,15.342,15.223,0.1604,4.381
53,2012-12-14 14:40:00,80.6,-0.2039,0.0000,0.59,12.968,52.300,3.4,15.294,15.223,0.1608,4.412
54,2012-12-14 14:45:00,81.9,-0.2039,0.0000,0.59,12.992,52.500,3.5,15.247,15.199,0.1604,4.369
55,2012-12-14 14:50:00,78.1,-0.2039,0.0000,0.59,12.992,51.100,3.1,15.199,15.175,0.1604,4.363
56,2012-12-14 14:55:00,73.1,-0.2039,0.0000,0.59,12.920,53.800,3.8,15.127,15.175,0.1604,4.363
57,2012-12-14 15:00:00,66.9,-0.2039,0.0000,0.59,12.944,54.700,4.1,15.079,15.151,0.1608,4.375
58,2012-12-14 15:05:00,66.9,-0.2039,0.0000,0.59,12.871,52.600,3.4,15.031,15.127,0.1604,4.381
59,2012-12-14 15:10:00,55.6,-0.2039,0.0000,0.59,12.847,53.000,3.5,14.984,15.103,0.1608,4.375
60,2012-12-14 15:15:00,54.4,-0.2039,0.0000,0.59,12.823,53.300,3.6,14.936,15.103,0.1608,4.363
61,2012-12-14 15:20:00,58.1,-0.2039,0.0000,0.59,12.847,53.900,3.8,14.888,15.079,0.1604,4.363
62,2012-12-14 15:25:00,51.9,-0.2039,0.0000,0.59,12.823,55.800,4.2,14.840,15.055,0.1604,4.369
63,2012-12-14 15:30:00,43.1,-0.2039,0.0000,0.59,12.847,55.400,4.1,14.768,15.031,0.1604,4.363
64,2012-12-14 15:35:00,45.6,-0.2039,0.0000,0.59,12.847,55.400,4.1,14.745,15.008,0.1604,4.363
65,2012-12-14 15:40:00,55.6,-0.2039,0.0000,0.59,12.871,54.800,4.0,14.697,14.984,0.1604,4.369
66,2012-12-14 15:45:00,36.9,-0.2039,0.0000,0.59,12.823,54.600,3.9,14.673,14.984,0.1604,4.363
67,2012-12-14 15:50:00,24.4,-0.2039,0.0000,0.59,12.751,54.500,3.8,14.625,14.960,0.1604,4.363
68,2012-12-14 15:55:00,25.6,-0.2039,0.0000,0.59,12.751,54.600,3.8,14.601,14.936,0.1604,4.357
69,2012-12-14 16:00:00,25.6,-0.2039,0.0000,0.59,12.727,56.700,4.4,14.553,14.912,0.1604,4.357
70,2012-12-14 16:05:00,20.6,-0.2039,0.0000,0.59,12.485,59.900,4.9,14.505,14.912,0.1604,4.351
71,2012-12-14 16:10:00,15.6,-0.2039,0.0000,0.59,12.268,58.600,4.4,14.481,14.888,0.1604,4.351
72,2012-12-14 16:15:00,9.4,-0.2039,0.0000,0.59,12.292,55.900,3.8,14.433,14.864,0.1600,4.351
73,2012-12-14 16:20:00,5.6,-0.2039,0.0000,0.59,12.268,56.100,3.8,14.385,14.840,0.1590,4.351
74,2012-12-14 16:25:00,3.1,-0.2039,0.0000,0.59,12.098,55.200,3.4,14.361,14.816,0.1596,4.351
75,2012-12-14 16:30:00,1.9,-0.2039,0.0000,0.59,12.001,55.100,3.3,14.314,14.816,0.1590,4.351
76,2012-12-14 16:35:00,0.6,-0.2039,0.0000,0.59,11.880,54.100,2.9,14.266,14.792,0.1590,4.381
77,2012-12-14 16:40:00,0.6,-0.2039,0.0000,0.59,11.662,54.600,2.8,14.218,14.768,0.1600,4.351
78,2012-12-14 16:45:00,0.6,-0.2039,0.0000,0.59,11.540,55.000,2.8,14.170,14.745,0.1600,4.351
79,2012-12-14 16:50:00,0.6,-0.2039,0.0000,1.76,11.321,57.800,3.3,14.122,14.721,0.1600,4.345
80,2012-12-14 16:55:00,0.6,-0.2039,0.0000,11.76,11.029,60.400,3.7,14.098,14.721,0.1600,4.345
81,2012-12-14 17:00:00,0.6,-0.2039,0.0000,25.29,10.712,62.100,3.8,14.050,14.697,0.1600,4.345
82,2012-12-14 17:05:00,0.6,-0.2039,0.0000,67.65,10.492,64.400,4.1,14.026,14.673,0.1596,4.345
83,2012-12-14 17:10:00,0.6,-0.2039,0.0000,82.35,10.320,67.100,4.5,13.978,14.649,0.1596,4.345
84,2012-12-14 17:15:00,0.6,-0.2039,0.0000,92.94,10.149,66.900,4.3,13.930,14.625,0.1600,4.345
85,2012-12-14 17:20:00,0.6,-0.2039,0.0000,100.00,10.001,71.100,5.0,13.906,14.601,0.1596,4.345
86,2012-12-14 17:25:00,0.6,-0.2039,0.0000,100.00,9.805,73.300,5.3,13.882,14.577,0.1596,4.345
87,2012-12-14 17:30:00,0.6,-0.2039,0.0000,100.00,9.657,74.800,5.4,13.858,14.577,0.1596,4.345
88,2012-12-14 17:35:00,0.6,-0.2039,0.0000,100.00,9.534,76.000,5.5,13.834,14.553,0.1604,4.363
89,2012-12-14 17:40:00,0.6,-0.2039,0.0000,100.00,9.361,77.900,5.7,13.810,14.529,0.1608,4.345
90,2012-12-14 17:45:00,0.6,-0.2039,0.0000,94.12,9.410,74.100,5.0,13.786,14.529,0.1608,4.345
91,2012-12-14 17:50:00,0.6,-0.2039,0.0000,94.12,9.312,77.300,5.6,13.738,14.505,0.1608,4.345
92,2012-12-14 17:55:00,0.6,-0.2039,0.0000,91.76,9.287,76.700,5.4,13.714,14.481,0.1604,4.345
93,2012-12-14 18:00:00,0.6,-0.2039,0.0000,80.59,9.312,75.400,5.2,13.690,14.481,0.1604,4.345
94,2012-12-14 18:05:00,0.6,-0.2039,0.0000,44.71,9.657,75.900,5.6,13.666,14.457,0.1604,4.339
95,2012-12-14 18:10:00,0.6,-0.2039,0.0000,26.47,9.756,71.800,4.9,13.642,14.433,0.1604,4.339
96,2012-12-14 18:15:00,0.6,-0.2039,0.0000,27.06,9.903,76.500,6.0,13.642,14.409,0.1604,4.339
97,2012-12-14 18:20:00,0.6,-0.2039,0.0000,21.18,9.756,77.400,6.0,13.642,14.385,0.1604,4.339
98,2012-12-14 18:25:00,0.6,-0.2039,0.0000,20.59,9.756,75.400,5.6,13.618,14.385,0.1604,4.339
99,2012-12-14 18:30:00,0.6,-0.2039,0.0000,21.18,9.780,77.300,6.0,13.594,14.361,0.1608,4.357
100,2012-12-14 18:35:00,0.6,-0.2039,0.0000,20.00,9.756,75.800,5.7,13.594,14.361,0.1608,4.339
101,2012-12-14 18:40:00,0.6,-0.2039,0.0000,18.82,9.805,75.100,5.6,13.570,14.314,0.1604,4.339
102,2012-12-14 18:45:00,0.6,-0.2039,0.0000,17.65,9.903,73.400,5.4,13.570,14.314,0.1604,4.339
103,2012-12-14 18:50:00,0.6,-0.2039,0.0000,17.06,10.075,72.300,5.3,13.546,14.314,0.1604,4.339
104,2012-12-14 18:55:00,0.6,-0.2039,0.0000,15.29,10.100,72.500,5.4,13.546,14.314,0.1604,4.339
105,2012-12-14 19:00:00,0.6,-0.2039,0.0000,18.24,10.075,73.000,5.5,13.522,14.290,0.1604,4.339
106,2012-12-14 19:05:00,0.6,-0.2039,0.0000,26.47,10.100,71.900,5.3,13.522,14.290,0.1604,4.339
107,2012-12-14 19:10:00,0.6,-0.2039,0.0000,19.41,10.271,68.600,4.8,13.497,14.290,0.1608,4.339
108,2012-12-14 19:15:00,0.6,-0.2039,0.0000,13.53,10.247,69.700,5.0,13.497,14.266,0.1615,4.339
109,2012-12-14 19:20:00,0.6,-0.2039,0.0000,10.59,10.198,70.100,5.0,13.473,14.242,0.1615,4.339
110,2012-12-14 19:25:00,0.6,-0.2039,0.0000,6.47,10.296,68.900,4.8,13.473,14.242,0.1615,4.351
111,2012-12-14 19:30:00,0.6,-0.2039,0.0000,7.06,10.369,70.300,5.2,13.449,14.242,0.1615,4.339
112,2012-12-14 19:35:00,0.6,-0.2039,0.0000,6.47,10.443,68.800,5.0,13.449,14.218,0.1619,4.339
113,2012-12-14 19:40:00,0.6,-0.2039,0.0000,5.88,10.418,69.100,5.0,13.425,14.218,0.1615,4.339
114,2012-12-14 19:45:00,0.6,-0.2039,0.0000,3.53,10.467,68.000,4.8,13.425,14.194,0.1615,4.339
115,2012-12-14 19:50:00,0.6,-0.2039,0.0000,2.94,10.541,67.200,4.7,13.425,14.194,0.1619,4.339
116,2012-12-14 19:55:00,0.6,-0.2039,0.0000,2.94,10.541,68.500,5.0,13.401,14.194,0.1619,4.339
117,2012-12-14 20:00:00,0.6,-0.2039,0.0000,2.35,10.467,68.100,4.8,13.401,14.170,0.1619,4.339
118,2012-12-14 20:05:00,0.6,-0.2039,0.0000,2.35,10.443,69.600,5.1,13.377,14.170,0.1619,4.339
119,2012-12-14 20:10:00,0.6,-0.2039,0.0000,2.35,10.369,69.600,5.1,13.377,14.146,0.1619,4.339
120,2012-12-14 20:15:00,0.6,-0.2039,0.0000,2.35,10.394,68.700,4.9,13.353,14.146,0.1623,4.339
121,2012-12-14 20:20:00,0.6,-0.2039,0.0000,2.35,10.394,68.000,4.8,13.329,14.146,0.1619,4.339
122,2012-12-14 20:25:00,0.6,-0.2039,0.0000,2.35,10.345,68.700,4.9,13.329,14.122,0.1615,4.339
123,2012-12-14 20:30:00,0.6,-0.2039,0.0000,2.35,10.296,69.300,4.9,13.305,14.122,0.1623,4.339
124,2012-12-14 20:35:00,0.6,-0.2039,0.0000,12.35,10.296,70.400,5.2,13.305,14.098,0.1623,4.339
125,2012-12-14 20:40:00,0.6,-0.2039,0.0000,10.59,10.198,70.400,5.1,13.281,14.098,0.1619,4.339
126,2012-12-14 20:45:00,0.6,-0.2039,0.0000,13.53,10.051,72.700,5.4,13.257,14.098,0.1615,4.339
127,2012-12-14 20:50:00,0.6,-0.2039,0.0000,7.65,10.051,72.100,5.3,13.257,14.074,0.1619,4.339
128,2012-12-14 20:55:00,0.6,-0.2039,0.0000,11.18,10.001,73.400,5.5,13.257,14.074,0.1619,4.333
129,2012-12-14 21:00:00,0.6,-0.2039,0.0000,15.88,10.100,70.800,5.1,13.233,14.050,0.1623,4.339
130,2012-12-14 21:05:00,0.6,-0.2039,0.0000,38.24,9.928,75.100,5.7,13.233,14.050,0.1623,4.339
131,2012-12-14 21:10:00,0.6,-0.2039,0.0000,70.59,9.706,75.600,5.6,13.209,14.026,0.1623,4.333
132,2012-12-14 21:15:00,0.6,-0.2039,0.0000,91.18,9.583,76.100,5.6,13.209,14.026,0.1623,4.339
133,2012-12-14 21:20:00,0.6,-0.2039,0.0000,100.00,9.410,79.100,6.0,13.185,14.026,0.1619,4.339
134,2012-12-14 21:25:00,0.6,-0.2039,0.0000,100.00,9.238,80.400,6.0,13.185,14.002,0.1619,4.333
135,2012-12-14 21:30:00,0.6,-0.2039,0.0000,100.00,9.114,81.900,6.2,13.161,14.002,0.1619,4.333
136,2012-12-14 21:35:00,0.6,-0.2039,0.0000,100.00,9.213,81.600,6.2,13.161,14.002,0.1615,4.339
137,2012-12-14 21:40:00,0.6,-0.2039,0.0000,100.00,9.262,80.300,6.1,13.161,13.978,0.1615,4.339
138,2012-12-14 21:45:00,0.6,-0.2039,0.0000,100.00,9.287,81.500,6.3,13.137,13.978,0.1619,4.339
139,2012-12-14 21:50:00,0.6,-0.2039,0.0000,100.00,9.213,80.300,6.0,13.137,13.978,0.1615,4.339
140,2012-12-14 21:55:00,0.6,-0.2039,0.0000,100.00,9.114,81.600,6.1,13.112,13.954,0.1619,4.339
141,2012-12-14 22:00:00,0.6,-0.2039,0.0000,100.00,8.866,84.800,6.5,13.112,13.954,0.1619,4.339
142,2012-12-14 22:05:00,0.6,-0.2039,0.0000,100.00,8.767,85.200,6.4,13.088,13.954,0.1619,4.333
143,2012-12-14 22:10:00,0.6,-0.2039,0.0000,100.00,8.693,86.700,6.6,13.064,13.930,0.1623,4.333
144,2012-12-14 22:15:00,0.6,-0.2039,0.0000,100.00,8.693,85.600,6.4,13.064,13.930,0.1619,4.363
145,2012-12-14 22:20:00,0.6,-0.2039,0.0000,100.00,8.891,84.300,6.4,13.064,13.906,0.1615,4.333
146,2012-12-14 22:25:00,0.6,-0.2039,0.0000,100.00,9.015,84.600,6.6,13.040,13.906,0.1619,4.333
147,2012-12-14 22:30:00,0.6,-0.2039,0.0000,100.00,8.817,86.900,6.8,13.016,13.906,0.1619,4.333
148,2012-12-14 22:35:00,0.6,-0.2039,0.0000,100.00,8.792,86.900,6.7,13.016,13.882,0.1619,4.333
149,2012-12-14 22:40:00,0.6,-0.2039,0.0000,100.00,8.941,84.800,6.5,12.992,13.882,0.1615,4.333
150,2012-12-14 22:45:00,0.6,-0.2039,0.0000,100.00,8.841,85.600,6.6,12.992,13.858,0.1615,4.333
151,2012-12-14 22:50:00,0.6,-0.2039,0.0000,100.00,8.717,86.700,6.6,12.968,13.858,0.1619,4.333
152,2012-12-14 22:55:00,0.6,-0.2039,0.0000,100.00,8.693,87.300,6.7,12.968,13.858,0.1619,4.333
153,2012-12-14 23:00:00,0.6,-0.2039,0.0000,100.00,8.593,87.900,6.7,12.920,13.834,0.1615,4.333
154,2012-12-14 23:05:00,0.6,-0.2039,0.0000,100.00,8.568,88.600,6.8,12.920,13.810,0.1619,4.333
155,2012-12-14 23:10:00,0.6,-0.2039,0.0000,100.00,8.693,88.000,6.8,12.896,13.810,0.1619,4.333
156,2012-12-14 23:15:00,0.6,-0.2039,0.0000,100.00,8.568,89.000,6.9,12.871,13.810,0.1619,4.333
157,2012-12-14 23:20:00,0.6,-0.2039,0.0000,100.00,8.469,90.100,6.9,12.847,13.786,0.1619,4.333
158,2012-12-14 23:25:00,0.6,-0.2039,0.0000,100.00,8.469,90.900,7.1,12.823,13.786,0.1619,4.333
159,2012-12-14 23:30:00,0.6,-0.2039,0.0000,100.00,8.494,90.800,7.1,12.823,13.762,0.1623,4.333
160,2012-12-14 23:35:00,0.6,-0.2039,0.0000,100.00,8.568,90.600,7.1,12.799,13.762,0.1634,4.333
161,2012-12-14 23:40:00,0.6,-0.2039,0.0000,100.00,8.494,90.900,7.1,12.775,13.738,0.1629,4.333
162,2012-12-14 23:45:00,0.6,-0.2039,0.0000,100.00,8.469,91.400,7.2,12.775,13.738,0.1629,4.333
163,2012-12-14 23:50:00,0.6,-0.2039,0.0000,100.00,8.494,91.000,7.1,12.751,13.714,0.1634,4.333
164,2012-12-14 23:55:00,0.6,-0.2039,0.0000,100.00,8.444,91.400,7.1,12.727,13.714,0.1634,4.333
165,2012-12-15 00:00:00,0.6,-0.2039,0.0000,100.00,8.394,91.400,7.1,12.727,13.690,0.1634,4.333
166,2012-12-15 00:05:00,0.6,-0.2039,0.0000,100.00,8.444,90.000,6.9,12.727,13.690,0.1634,4.333
167,2012-12-15 00:10:00,0.6,-0.2039,0.0000,100.00,8.419,90.400,6.9,12.703,13.666,0.1634,4.333
168,2012-12-15 00:15:00,0.6,-0.2039,0.0000,100.00,8.319,90.700,6.9,12.703,13.666,0.1634,4.333
169,2012-12-15 00:20:00,0.6,-0.2039,0.0000,100.00,8.245,90.700,6.8,12.678,13.666,0.1629,4.333
170,2012-12-15 00:25:00,0.6,-0.2039,0.0000,100.00,8.120,91.100,6.8,12.654,13.642,0.1629,4.333
171,2012-12-15 00:30:00,0.6,-0.2039,0.0000,75.29,8.394,90.300,6.9,12.630,13.642,0.1629,4.333
172,2012-12-15 00:35:00,0.6,-0.2039,0.0000,35.88,8.519,90.400,7.0,12.606,13.618,0.1629,4.333
173,2012-12-15 00:40:00,0.6,-0.2039,0.0000,24.12,8.668,90.100,7.1,12.582,13.618,0.1623,4.333
174,2012-12-15 00:45:00,0.6,-0.2039,0.0000,22.94,8.742,89.300,7.1,12.582,13.594,0.1623,4.333
175,2012-12-15 00:50:00,0.6,-0.2039,0.0000,20.00,8.841,87.500,6.9,12.582,13.594,0.1629,4.333
176,2012-12-15 00:55:00,0.6,-0.2039,0.0000,17.65,8.792,88.100,6.9,12.558,13.570,0.1634,4.327
177,2012-12-15 01:00:00,0.6,-0.2039,0.0000,15.29,8.891,86.500,6.8,12.582,13.570,0.1634,4.357
178,2012-12-15 01:05:00,0.6,-0.2039,0.0000,14.71,8.841,87.300,6.9,12.558,13.570,0.1629,4.327
179,2012-12-15 01:10:00,0.6,-0.2039,0.0000,15.88,8.742,88.100,6.9,12.558,13.546,0.1634,4.327
180,2012-12-15 01:15:00,0.6,-0.2039,0.0000,13.53,8.792,86.500,6.7,12.558,13.546,0.1629,4.327
181,2012-12-15 01:20:00,0.6,-0.2039,0.0000,15.29,8.668,87.900,6.8,12.558,13.522,0.1629,4.327
182,2012-12-15 01:25:00,0.6,-0.2039,0.0000,14.12,8.717,87.100,6.7,12.558,13.522,0.1634,4.327
183,2012-12-15 01:30:00,0.6,-0.2039,0.0000,12.35,8.866,87.300,6.9,12.534,13.522,0.1634,4.327
184,2012-12-15 01:35:00,0.6,-0.2039,0.0000,12.94,8.866,87.600,6.9,12.534,13.522,0.1634,4.327
185,2012-12-15 01:40:00,0.6,-0.2039,0.0000,10.59,8.965,86.200,6.8,12.509,13.497,0.1629,4.327
186,2012-12-15 01:45:00,0.6,-0.2039,0.0000,10.00,8.941,86.600,6.8,12.509,13.497,0.1629,4.327
187,2012-12-15 01:50:00,0.6,-0.2039,0.0000,5.88,8.916,85.900,6.7,12.509,13.497,0.1634,4.327
188,2012-12-15 01:55:00,0.6,-0.2039,0.0000,4.71,8.990,84.800,6.6,12.509,13.473,0.1634,4.327
189,2012-12-15 02:00:00,0.6,-0.2039,0.0000,4.71,8.965,84.600,6.5,12.509,13.473,0.1634,4.327
190,2012-12-15 02:05:00,0.6,-0.2039,0.0000,4.12,9.064,84.000,6.5,12.509,13.473,0.1634,4.327
191,2012-12-15 02:10:00,0.6,-0.2039,0.0000,4.12,8.941,85.000,6.6,12.509,13.473,0.1634,4.327
192,2012-12-15 02:15:00,0.6,-0.2039,0.0000,4.12,9.040,83.500,6.4,12.509,13.449,0.1638,4.327
193,2012-12-15 02:20:00,0.6,-0.2039,0.0000,4.12,8.990,84.300,6.5,12.509,13.449,0.1634,4.327
194,2012-12-15 02:25:00,0.6,-0.2039,0.0000,3.53,8.990,84.500,6.5,12.509,13.449,0.1634,4.327
195,2012-12-15 02:30:00,0.6,-0.2039,0.0000,3.53,8.965,82.900,6.2,12.509,13.449,0.1638,4.321
196,2012-12-15 02:35:00,0.6,-0.2039,0.0000,3.53,9.163,82.100,6.3,12.509,13.425,0.1638,4.321
197,2012-12-15 02:40:00,0.6,-0.2039,0.0000,3.53,9.163,81.800,6.2,12.509,13.425,0.1642,4.321
198,2012-12-15 02:45:00,0.6,-0.2039,0.0000,3.53,9.114,81.400,6.1,12.509,13.425,0.1638,4.339
199,2012-12-15 02:50:00,0.6,-0.2039,0.0000,3.53,9.015,81.900,6.1,12.509,13.425,0.1638,4.321
200,2012-12-15 02:55:00,0.6,-0.2039,0.0000,2.94,8.965,81.900,6.0,12.509,13.425,0.1638,4.321
201,2012-12-15 03:00:00,0.6,-0.2039,0.0000,2.94,9.139,81.100,6.1,12.509,13.401,0.1642,4.321
202,2012-12-15 03:05:00,0.6,-0.2039,0.0000,2.94,9.188,81.500,6.2,12.509,13.401,0.1648,4.321
203,2012-12-15 03:10:00,0.6,-0.2039,0.0000,2.94,9.064,82.100,6.2,12.509,13.401,0.1623,4.321
204,2012-12-15 03:15:00,0.6,-0.2039,0.0000,2.94,9.040,83.100,6.3,12.509,13.401,0.1648,4.321
205,2012-12-15 03:20:00,0.6,-0.2039,0.0000,2.94,9.163,82.200,6.3,12.509,13.401,0.1648,4.321
206,2012-12-15 03:25:00,0.6,-0.2039,0.0000,2.94,9.188,82.500,6.4,12.509,13.401,0.1648,4.321
207,2012-12-15 03:30:00,0.6,-0.2039,0.0000,2.94,9.163,82.700,6.4,12.509,13.377,0.1652,4.321
208,2012-12-15 03:35:00,0.6,-0.2039,0.0000,2.94,9.238,82.100,6.4,12.509,13.377,0.1652,4.321
209,2012-12-15 03:40:00,0.6,-0.2039,0.0000,2.94,9.361,82.500,6.5,12.509,13.377,0.1656,4.321
210,2012-12-15 03:45:00,0.6,-0.2039,0.0000,2.94,9.460,80.300,6.2,12.509,13.377,0.1663,4.387
211,2012-12-15 03:50:00,0.6,-0.2039,0.0000,2.94,9.485,81.500,6.5,12.534,13.377,0.1671,4.321
212,2012-12-15 03:55:00,0.6,-0.2039,0.0000,8.24,9.460,82.400,6.6,12.534,13.377,0.1663,4.321
213,2012-12-15 04:00:00,0.6,-0.2039,0.0000,30.00,9.386,83.700,6.8,12.534,13.377,0.1667,4.321
214,2012-12-15 04:05:00,0.6,-0.2039,0.0000,71.18,9.238,85.600,7.0,12.534,13.377,0.1663,4.321
215,2012-12-15 04:10:00,0.6,-0.2039,0.0000,75.88,9.064,86.800,7.0,12.534,13.377,0.1656,4.321
216,2012-12-15 04:15:00,0.6,-0.2039,0.0000,58.82,9.262,84.300,6.8,12.534,13.377,0.1667,4.321
217,2012-12-15 04:20:00,0.6,-0.2039,0.0000,70.59,9.238,85.300,6.9,12.534,13.353,0.1667,4.321
218,2012-12-15 04:25:00,0.6,-0.2039,0.0000,74.71,9.139,85.200,6.8,12.534,13.353,0.1667,4.321
219,2012-12-15 04:30:00,0.6,-0.2039,0.0000,78.24,9.015,85.500,6.7,12.534,13.353,0.1667,4.321
220,2012-12-15 04:35:00,0.6,-0.2039,0.0000,67.65,8.990,85.100,6.6,12.534,13.353,0.1667,4.321
221,2012-12-15 04:40:00,0.6,-0.2039,0.0000,60.59,8.817,85.200,6.5,12.534,13.353,0.1671,4.321
222,2012-12-15 04:45:00,0.6,-0.2039,0.0000,50.00,8.717,85.900,6.5,12.509,13.353,0.1667,4.321
223,2012-12-15 04:50:00,0.6,-0.2039,0.0000,31.18,8.841,86.100,6.7,12.509,13.353,0.1667,4.321
224,2012-12-15 04:55:00,0.6,-0.2039,0.0000,19.41,9.015,85.000,6.6,12.485,13.353,0.1671,4.321
225,2012-12-15 05:00:00,0.6,-0.2039,0.0000,16.47,8.941,84.100,6.4,12.485,13.329,0.1671,4.321
226,2012-12-15 05:05:00,0.6,-0.2039,0.0000,12.35,8.767,84.800,6.4,12.461,13.329,0.1671,4.321
227,2012-12-15 05:10:00,0.6,-0.2039,0.0000,14.12,8.444,86.000,6.2,12.437,13.329,0.1667,4.321
228,2012-12-15 05:15:00,0.6,-0.2039,0.0000,24.71,8.120,87.300,6.1,12.413,13.329,0.1667,4.321
229,2012-12-15 05:20:00,0.6,-0.2039,0.0000,22.94,8.070,88.100,6.2,12.389,13.329,0.1667,4.321
230,2012-12-15 05:25:00,0.6,-0.2039,0.0000,59.41,7.920,88.900,6.2,12.340,13.305,0.1667,4.321
231,2012-12-15 05:30:00,0.6,-0.2039,0.0000,70.59,7.820,89.600,6.2,12.292,13.281,0.1667,4.321
232,2012-12-15 05:35:00,0.6,-0.2039,0.0000,97.65,7.569,91.000,6.2,12.243,13.281,0.1667,4.321
233,2012-12-15 05:40:00,0.6,-0.2039,0.0000,98.82,7.544,91.300,6.2,12.195,13.257,0.1671,4.321
234,2012-12-15 05:45:00,0.6,-0.2039,0.0000,100.00,7.444,91.900,6.2,12.147,13.257,0.1667,4.321
235,2012-12-15 05:50:00,0.6,-0.2039,0.0000,98.82,7.343,92.100,6.2,12.122,13.233,0.1671,4.321
236,2012-12-15 05:55:00,0.6,-0.2039,0.0000,98.24,7.242,93.200,6.2,12.074,13.209,0.1671,4.321
237,2012-12-15 06:00:00,0.6,-0.2039,0.0000,97.65,7.318,93.300,6.3,12.025,13.185,0.1667,4.321
238,2012-12-15 06:05:00,0.6,-0.2039,0.0000,97.65,7.242,93.000,6.2,11.977,13.185,0.1671,4.321
239,2012-12-15 06:10:00,0.6,-0.2039,0.0000,97.65,7.091,92.600,6.0,11.953,13.161,0.1681,4.321
240,2012-12-15 06:15:00,0.6,-0.2039,0.0000,97.65,6.864,92.000,5.7,11.904,13.137,0.1677,4.321
241,2012-12-15 06:20:00,0.6,-0.2039,0.0000,98.24,6.763,92.100,5.6,11.856,13.112,0.1677,4.321
242,2012-12-15 06:25:00,0.6,-0.2039,0.0000,97.65,6.687,92.000,5.5,11.832,13.088,0.1677,4.321
243,2012-12-15 06:30:00,0.6,-0.2039,0.0000,97.65,6.636,92.200,5.5,11.783,13.088,0.1681,4.321
244,2012-12-15 06:35:00,0.6,-0.2039,0.0000,98.24,6.940,91.100,5.6,11.759,13.064,0.1677,4.321
245,2012-12-15 06:40:00,0.6,-0.2039,0.0000,98.24,6.965,90.300,5.5,11.710,13.040,0.1677,4.321
246,2012-12-15 06:45:00,0.6,-0.2039,0.0000,98.24,6.763,90.100,5.3,11.686,13.016,0.1671,4.321
247,2012-12-15 06:50:00,1.9,-0.2039,0.0000,97.06,6.839,89.800,5.3,11.637,12.992,0.1671,4.321
248,2012-12-15 06:55:00,3.1,-0.2039,0.0000,97.65,6.788,89.600,5.2,11.613,12.968,0.1677,4.321
249,2012-12-15 07:00:00,4.4,-0.2039,0.0000,97.06,6.788,89.600,5.2,11.565,12.968,0.1671,4.321
250,2012-12-15 07:05:00,6.9,-0.2039,0.0000,85.29,7.041,89.400,5.4,11.540,12.944,0.1677,4.321
251,2012-12-15 07:10:00,8.1,-0.2039,0.0000,85.88,7.116,88.400,5.3,11.516,12.920,0.1677,4.321
252,2012-12-15 07:15:00,9.4,-0.2039,0.0000,78.82,7.192,87.600,5.3,11.492,12.896,0.1677,4.321
253,2012-12-15 07:20:00,10.6,-0.2039,0.0000,72.35,7.242,87.300,5.3,11.467,12.871,0.1677,4.321
254,2012-12-15 07:25:00,11.9,-0.2039,0.0000,60.59,7.192,87.600,5.3,11.443,12.871,0.1677,4.321
255,2012-12-15 07:30:00,14.4,-0.2039,0.0000,33.53,7.619,85.200,5.3,11.419,12.847,0.1677,4.321
256,2012-12-15 07:35:00,15.6,-0.2039,0.0000,17.06,7.419,86.200,5.3,11.419,12.823,0.1681,4.321
257,2012-12-15 07:40:00,18.1,-0.2039,0.0000,13.53,7.091,87.200,5.1,11.394,12.799,0.1681,4.321
258,2012-12-15 07:45:00,20.6,-0.2039,0.0000,12.35,7.066,88.400,5.3,11.394,12.799,0.1681,4.321
259,2012-12-15 07:50:00,21.9,-0.2039,0.0000,8.82,7.242,86.800,5.2,11.370,12.775,0.1681,4.321
260,2012-12-15 07:55:00,23.1,-0.2039,0.0000,6.47,7.619,84.800,5.2,11.370,12.775,0.1681,4.321
261,2012-12-15 08:00:00,30.6,-0.2039,0.0000,4.71,8.145,81.400,5.2,11.370,12.751,0.1685,4.321
262,2012-12-15 08:05:00,166.9,-0.2039,0.0000,3.53,8.717,77.800,5.1,11.370,12.751,0.1685,4.327
263,2012-12-15 08:10:00,186.9,-0.2039,0.0000,2.35,9.805,75.100,5.6,11.370,12.751,0.1703,4.393
264,2012-12-15 08:15:00,173.1,-0.2039,0.0000,2.35,10.394,73.400,5.9,11.370,12.727,0.1699,4.393
265,2012-12-15 08:20:00,200.6,-0.2039,0.0000,1.76,10.932,71.600,6.0,11.370,12.703,0.1699,4.406
266,2012-12-15 08:25:00,208.1,-0.2039,0.0000,1.76,11.248,70.300,6.1,11.394,12.703,0.1699,4.387
267,2012-12-15 08:30:00,230.6,-0.2039,0.0000,1.76,10.907,69.300,5.5,11.419,12.703,0.1699,4.369
268,2012-12-15 08:35:00,244.4,-0.2039,0.0000,1.76,11.224,67.200,5.4,11.419,12.703,0.1703,4.363
269,2012-12-15 08:40:00,259.4,-0.2039,0.0000,1.76,11.492,67.300,5.7,11.443,12.678,0.1695,4.393
270,2012-12-15 08:45:00,269.4,-0.2039,0.0000,1.76,11.516,66.500,5.5,11.467,12.678,0.1695,4.400
271,2012-12-15 08:50:00,281.9,-0.2039,0.0000,1.76,11.832,67.200,6.0,11.516,12.678,0.1689,4.381
272,2012-12-15 08:55:00,293.1,-0.2039,0.0000,1.76,12.316,63.400,5.6,11.540,12.678,0.1689,4.363
273,2012-12-15 09:00:00,303.1,-0.2039,0.0000,1.76,12.823,59.700,5.2,11.613,12.678,0.1695,4.357
274,2012-12-15 09:05:00,314.4,-0.2039,0.0000,1.76,12.847,62.400,5.9,11.759,12.678,0.1695,4.393
275,2012-12-15 09:10:00,325.6,-0.2039,0.0000,1.76,12.727,64.500,6.2,12.025,12.703,0.1699,4.406
276,2012-12-15 09:15:00,338.1,-0.2039,0.0000,1.76,12.920,62.300,5.9,12.316,12.751,0.1699,4.381
277,2012-12-15 09:20:00,349.4,-0.2039,0.0000,1.76,13.233,59.500,5.5,12.606,12.799,0.1699,4.369
278,2012-12-15 09:25:00,359.4,-0.2039,0.0000,1.76,13.329,57.500,5.1,12.896,12.847,0.1699,4.363
279,2012-12-15 09:30:00,369.4,-0.2039,0.0000,1.76,13.570,57.900,5.5,13.185,12.944,0.1703,4.448
280,2012-12-15 09:35:00,376.9,-0.2039,0.0000,1.76,13.882,54.500,4.9,13.473,13.016,0.1709,4.375
281,2012-12-15 09:40:00,385.6,-0.2039,0.0000,1.76,14.553,56.900,6.1,13.786,13.112,0.1703,4.393
282,2012-12-15 09:45:00,394.4,-0.2039,0.0000,1.76,14.792,51.300,4.9,14.122,13.185,0.1703,4.369
283,2012-12-15 09:50:00,404.4,-0.2039,0.0000,1.76,14.816,52.000,5.1,14.409,13.281,0.1699,4.363
284,2012-12-15 09:55:00,413.1,-0.2039,0.0000,1.76,14.433,50.300,4.2,14.649,13.401,0.1703,4.357
285,2012-12-15 10:00:00,418.1,-0.2039,0.0000,1.76,14.529,49.900,4.2,14.816,13.497,0.1703,4.387
286,2012-12-15 10:05:00,428.1,-0.2039,0.0000,1.76,14.745,51.500,4.9,14.984,13.594,0.1699,4.369
287,2012-12-15 10:10:00,434.4,-0.2039,0.0000,1.76,15.652,47.300,4.5,15.127,13.666,0.1699,4.442
288,2012-12-15 10:15:00,441.9,-0.2039,0.0000,1.76,15.796,45.800,4.2,15.318,13.762,0.1703,4.393
289,2012-12-15 10:20:00,446.9,-0.2039,0.0000,1.76,15.175,47.800,4.2,15.533,13.834,0.1695,4.363
290,2012-12-15 10:25:00,454.4,-0.2039,0.0000,1.76,15.414,45.000,3.6,15.796,13.954,0.1703,4.357
291,2012-12-15 10:30:00,463.1,-0.2039,0.0000,1.18,15.557,47.700,4.5,16.082,14.050,0.1703,4.351
292,2012-12-15 10:35:00,468.1,-0.2039,0.0000,1.18,16.058,43.500,3.7,16.344,14.146,0.1709,4.375
293,2012-12-15 10:40:00,475.6,-0.2039,0.0000,1.18,15.724,42.300,3.0,16.582,14.266,0.1703,4.393
294,2012-12-15 10:45:00,475.6,-0.2039,0.0000,1.18,15.819,40.800,2.5,16.820,14.385,0.1703,4.369
295,2012-12-15 10:50:00,484.4,-0.2039,0.0000,1.18,15.724,38.600,1.7,17.011,14.505,0.1703,4.363
296,2012-12-15 10:55:00,488.1,-0.2039,0.0000,1.18,15.318,41.000,2.2,17.225,14.601,0.1703,4.357
297,2012-12-15 11:00:00,491.9,-0.2039,0.0000,1.76,15.772,40.600,2.4,17.391,14.721,0.1703,4.400
298,2012-12-15 11:05:00,493.1,-0.2039,0.0000,1.76,16.082,39.300,2.2,17.558,14.816,0.1703,4.369
299,2012-12-15 11:10:00,499.4,-0.2039,0.0000,1.76,15.772,39.200,1.9,17.701,14.912,0.1703,4.363
300,2012-12-15 11:15:00,499.4,-0.2039,0.0000,1.76,15.939,36.400,1.1,17.843,15.008,0.1703,4.351
301,2012-12-15 11:20:00,503.1,-0.2039,0.0000,1.76,15.963,38.400,1.8,17.986,15.103,0.1703,4.418
302,2012-12-15 11:25:00,504.4,-0.2039,0.0000,1.76,15.915,36.700,1.1,18.081,15.199,0.1709,4.369
303,2012-12-15 11:30:00,504.4,-0.2039,0.0000,1.76,16.106,36.200,1.1,18.152,15.270,0.1703,4.381
304,2012-12-15 11:35:00,505.6,-0.2039,0.0000,2.35,16.915,37.100,2.2,18.176,15.342,0.1703,4.369
305,2012-12-15 11:40:00,506.9,-0.2039,0.0000,1.76,16.606,35.000,1.1,18.176,15.414,0.1699,4.363
306,2012-12-15 11:45:00,506.9,-0.2039,0.0000,1.76,16.344,36.600,1.5,18.176,15.461,0.1699,4.357
307,2012-12-15 11:50:00,508.1,-0.2039,0.0000,2.35,16.296,35.000,0.8,18.200,15.533,0.1709,4.381
308,2012-12-15 11:55:00,506.9,-0.2039,0.0000,2.35,16.534,34.800,1.0,18.224,15.581,0.1703,4.363
309,2012-12-15 12:00:00,500.6,-0.2039,0.0000,2.35,16.796,34.200,0.9,18.295,15.652,0.1718,4.363
310,2012-12-15 12:05:00,501.9,-0.2039,0.0000,2.35,16.487,34.800,0.9,18.390,15.700,0.1728,4.351
311,2012-12-15 12:10:00,495.6,-0.2039,0.0000,2.35,16.606,37.800,2.2,18.461,15.748,0.1775,4.387
312,2012-12-15 12:15:00,499.4,-0.2039,0.0000,2.35,16.534,36.600,1.7,18.557,15.819,0.1813,4.448
313,2012-12-15 12:20:00,489.4,-0.2039,0.0000,2.35,16.773,37.100,2.1,18.628,15.867,0.1803,4.381
314,2012-12-15 12:25:00,486.9,-0.2039,0.0000,2.35,16.344,36.600,1.5,18.675,15.939,0.1813,4.363
315,2012-12-15 12:30:00,491.9,-0.2039,0.0000,2.35,17.153,39.600,3.3,18.723,15.986,0.1807,4.363
316,2012-12-15 12:35:00,488.1,-0.2039,0.0000,2.35,16.749,42.400,3.9,18.747,16.058,0.1807,4.357
317,2012-12-15 12:40:00,480.6,-0.2039,0.0000,2.35,17.701,40.000,3.9,18.747,16.082,0.1820,4.381
318,2012-12-15 12:45:00,475.6,-0.2039,0.0000,2.35,16.701,39.300,2.8,18.723,16.129,0.1807,4.363
319,2012-12-15 12:50:00,473.1,-0.2039,0.0000,2.35,17.011,39.800,3.3,18.604,16.153,0.1816,4.363
320,2012-12-15 12:55:00,249.4,-0.2039,0.0000,2.35,16.868,40.600,3.4,18.414,16.177,0.1820,4.357
321,2012-12-15 13:00:00,140.6,-0.2039,0.0000,2.35,17.486,40.200,3.8,18.224,16.177,0.1826,4.381
322,2012-12-15 13:05:00,260.6,-0.2039,0.0000,2.35,16.392,42.600,3.7,18.010,16.153,0.1826,4.363
323,2012-12-15 13:10:00,328.1,-0.2039,0.0000,1.76,16.320,41.700,3.3,17.819,16.153,0.1820,4.363
324,2012-12-15 13:15:00,425.6,-0.2039,0.0000,1.76,16.415,41.400,3.3,17.629,16.106,0.1820,4.351
325,2012-12-15 13:20:00,440.6,-0.2039,0.0000,1.76,16.463,42.700,3.8,17.463,16.082,0.1826,4.430
326,2012-12-15 13:25:00,313.1,-0.2039,0.0000,1.18,16.368,42.400,3.6,17.296,16.058,0.1816,4.369
327,2012-12-15 13:30:00,156.9,-0.2039,0.0000,1.76,16.225,44.400,4.1,17.153,16.034,0.1826,4.363
328,2012-12-15 13:35:00,118.1,-0.2039,0.0000,1.18,15.796,43.400,3.4,17.011,15.986,0.1820,4.363
329,2012-12-15 13:40:00,239.4,-0.2039,0.0000,1.18,15.939,46.200,4.4,16.868,15.963,0.1826,4.381
330,2012-12-15 13:45:00,195.6,-0.2039,0.0000,1.18,15.939,44.700,3.9,16.749,15.915,0.1820,4.381
331,2012-12-15 13:50:00,181.9,-0.2039,0.0000,1.18,15.509,45.200,3.7,16.654,15.891,0.1820,4.363
332,2012-12-15 13:55:00,100.6,-0.2039,0.0000,1.18,15.796,44.800,3.8,16.558,15.867,0.1807,4.363
333,2012-12-15 14:00:00,196.9,-0.2039,0.0000,1.18,15.342,48.500,4.6,16.463,15.819,0.1756,4.363
334,2012-12-15 14:05:00,120.6,-0.2039,0.0000,1.18,15.342,46.800,4.0,16.392,15.819,0.1746,4.381
335,2012-12-15 14:10:00,90.6,-0.2039,0.0000,1.18,15.438,46.100,3.9,16.296,15.772,0.1746,4.381
336,2012-12-15 14:15:00,73.1,-0.2039,0.0000,0.59,15.676,46.600,4.3,16.201,15.748,0.1746,4.369
337,2012-12-15 14:20:00,65.6,-0.2039,0.0000,1.18,15.390,45.600,3.7,16.129,15.724,0.1742,4.393
338,2012-12-15 14:25:00,70.6,-0.2039,0.0000,1.18,15.008,47.000,3.8,16.058,15.700,0.1746,4.363
339,2012-12-15 14:30:00,241.9,-0.2039,0.0000,1.18,15.127,47.400,4.0,15.986,15.676,0.1742,4.393
340,2012-12-15 14:35:00,214.4,-0.2039,0.0000,1.18,15.461,46.800,4.2,15.915,15.652,0.1742,4.375
341,2012-12-15 14:40:00,164.4,-0.2039,0.0000,1.18,15.127,46.900,3.9,15.843,15.629,0.1738,4.363
342,2012-12-15 14:45:00,61.9,-0.2039,0.0000,0.59,15.366,47.200,4.2,15.796,15.605,0.1738,4.363
343,2012-12-15 14:50:00,99.4,-0.2039,0.0000,1.18,14.912,48.900,4.3,15.724,15.581,0.1738,4.369
344,2012-12-15 14:55:00,205.6,-0.2039,0.0000,1.18,15.055,49.300,4.5,15.652,15.557,0.1732,4.381
345,2012-12-15 15:00:00,88.1,-0.2039,0.0000,0.59,14.697,48.000,3.8,15.557,15.533,0.1732,4.375
346,2012-12-15 15:05:00,49.4,-0.2039,0.0000,0.59,14.361,48.600,3.7,15.485,15.485,0.1732,4.363
347,2012-12-15 15:10:00,44.4,-0.2039,0.0000,0.59,14.170,50.000,3.9,15.414,15.485,0.1738,4.363
348,2012-12-15 15:15:00,64.4,-0.2039,0.0000,0.59,14.146,49.500,3.7,15.342,15.438,0.1732,4.363
349,2012-12-15 15:20:00,89.4,-0.2039,0.0000,0.59,14.242,49.700,3.9,15.247,15.414,0.1728,4.381
350,2012-12-15 15:25:00,91.9,-0.2039,0.0000,0.59,14.290,49.500,3.9,15.175,15.366,0.1732,4.393
351,2012-12-15 15:30:00,85.6,-0.2039,0.0000,0.59,14.266,48.900,3.7,15.103,15.342,0.1728,4.369
352,2012-12-15 15:35:00,83.1,-0.2039,0.0000,0.59,14.266,49.900,4.0,15.055,15.318,0.1728,4.363
353,2012-12-15 15:40:00,86.9,-0.2039,0.0000,0.59,14.242,50.700,4.2,15.008,15.294,0.1728,4.363
354,2012-12-15 15:45:00,70.6,-0.2039,0.0000,0.59,14.218,51.100,4.3,14.984,15.270,0.1728,4.381
355,2012-12-15 15:50:00,53.1,-0.2039,0.0000,0.59,14.074,52.400,4.5,14.960,15.247,0.1732,4.381
356,2012-12-15 15:55:00,38.1,-0.2039,0.0000,0.59,13.882,54.300,4.8,14.912,15.223,0.1732,4.369
357,2012-12-15 16:00:00,35.6,-0.2039,0.0000,0.59,13.810,53.600,4.6,14.888,15.199,0.1732,4.363
358,2012-12-15 16:05:00,33.1,-0.2039,0.0000,0.59,13.690,53.600,4.5,14.864,15.175,0.1728,4.363
359,2012-12-15 16:10:00,29.4,-0.2039,0.0000,0.59,13.618,52.900,4.2,14.840,15.151,0.1728,4.363
360,2012-12-15 16:15:00,24.4,-0.2039,0.0000,0.59,13.618,53.000,4.2,14.816,15.127,0.1732,4.357
361,2012-12-15 16:20:00,16.9,-0.2039,0.0000,0.59,13.618,53.300,4.3,14.768,15.127,0.1732,4.357
362,2012-12-15 16:25:00,8.1,-0.2039,0.0000,0.59,13.497,54.400,4.5,14.721,15.103,0.1738,4.357
363,2012-12-15 16:30:00,4.4,-0.2039,0.0000,0.59,13.401,54.800,4.5,14.697,15.079,0.1732,4.351
364,2012-12-15 16:35:00,1.9,-0.2039,0.0000,0.59,13.281,55.300,4.5,14.649,15.055,0.1728,4.351
365,2012-12-15 16:40:00,0.6,-0.2039,0.0000,0.59,13.377,53.800,4.2,14.625,15.055,0.1728,4.351
366,2012-12-15 16:45:00,0.6,-0.2039,0.0000,0.59,13.473,53.400,4.2,14.577,15.008,0.1732,4.351
367,2012-12-15 16:50:00,0.6,-0.2039,0.0000,0.59,13.449,53.100,4.1,14.553,15.008,0.1732,4.351
368,2012-12-15 16:55:00,0.6,-0.2039,0.0000,0.59,13.353,53.300,4.1,14.505,14.984,0.1728,4.351
369,2012-12-15 17:00:00,0.6,-0.2039,0.0000,0.59,13.329,54.400,4.3,14.481,14.960,0.1728,4.351
370,2012-12-15 17:05:00,0.6,-0.2039,0.0000,0.59,13.401,54.000,4.3,14.433,14.936,0.1724,4.351
371,2012-12-15 17:10:00,0.6,-0.2039,0.0000,0.59,13.305,54.800,4.4,14.385,14.912,0.1724,4.351
372,2012-12-15 17:15:00,0.6,-0.2039,0.0000,0.59,13.305,55.600,4.6,14.361,14.888,0.1724,4.351
373,2012-12-15 17:20:00,0.6,-0.2039,0.0000,0.59,13.233,56.800,4.9,14.314,14.864,0.1724,4.351
374,2012-12-15 17:25:00,0.6,-0.2039,0.0000,0.59,13.088,57.500,4.9,14.290,14.864,0.1724,4.351
375,2012-12-15 17:30:00,0.6,-0.2039,0.0000,0.59,13.016,58.100,5.0,14.266,14.840,0.1724,4.345
376,2012-12-15 17:35:00,0.6,-0.2039,0.0000,0.59,12.920,58.400,5.0,14.242,14.816,0.1724,4.345
377,2012-12-15 17:40:00,0.6,-0.2039,0.0000,0.59,12.703,60.000,5.2,14.218,14.792,0.1718,4.345
378,2012-12-15 17:45:00,0.6,-0.2039,0.0000,0.59,12.847,59.200,5.1,14.194,14.768,0.1724,4.345
379,2012-12-15 17:50:00,0.6,-0.2039,0.0000,0.59,12.871,58.700,5.0,14.170,14.768,0.1714,4.345
380,2012-12-15 17:55:00,0.6,-0.2039,0.0000,0.59,12.847,59.200,5.1,14.146,14.745,0.1718,4.345
381,2012-12-15 18:00:00,0.6,-0.2039,0.0000,0.59,12.896,60.000,5.3,14.146,14.721,0.1718,4.345
382,2012-12-15 18:05:00,0.6,-0.2039,0.0000,0.59,12.727,60.200,5.2,14.122,14.721,0.1714,4.345
383,2012-12-15 18:10:00,0.6,-0.2039,0.0000,0.59,12.582,62.800,5.7,14.122,14.697,0.1709,4.363
384,2012-12-15 18:15:00,0.6,-0.2039,0.0000,0.59,12.389,63.200,5.6,14.098,14.673,0.1703,4.345
385,2012-12-15 18:20:00,0.6,-0.2039,0.0000,0.59,12.437,63.600,5.7,14.074,14.673,0.1709,4.345
386,2012-12-15 18:25:00,0.6,-0.2039,0.0000,0.59,13.064,59.900,5.5,14.074,14.649,0.1709,4.345
387,2012-12-15 18:30:00,0.6,-0.2039,0.0000,0.59,13.088,59.900,5.5,14.050,14.625,0.1709,4.345
388,2012-12-15 18:35:00,0.6,-0.2039,0.0000,0.59,12.968,59.900,5.4,14.050,14.625,0.1709,4.345
389,2012-12-15 18:40:00,0.6,-0.2039,0.0000,0.59,13.064,60.200,5.5,14.026,14.625,0.1709,4.339
390,2012-12-15 18:45:00,0.6,-0.2039,0.0000,0.59,13.064,60.300,5.6,14.002,14.601,0.1709,4.339
391,2012-12-15 18:50:00,0.6,-0.2039,0.0000,0.59,13.064,60.500,5.6,14.002,14.601,0.1709,4.339
392,2012-12-15 18:55:00,0.6,-0.2039,0.0000,0.59,12.896,61.200,5.6,13.978,14.577,0.1709,4.339
393,2012-12-15 19:00:00,0.6,-0.2039,0.0000,0.59,12.799,61.100,5.5,13.978,14.577,0.1709,4.339
394,2012-12-15 19:05:00,0.6,-0.2039,0.0000,0.59,12.871,61.300,5.6,13.954,14.553,0.1703,4.363
395,2012-12-15 19:10:00,0.6,-0.2039,0.0000,0.59,12.920,60.800,5.5,13.930,14.553,0.1709,4.339
396,2012-12-15 19:15:00,0.6,-0.2039,0.0000,0.59,12.896,60.600,5.5,13.930,14.529,0.1709,4.339
397,2012-12-15 19:20:00,0.6,-0.2039,0.0000,0.59,12.871,60.800,5.5,13.930,14.505,0.1709,4.339
398,2012-12-15 19:25:00,0.6,-0.2039,0.0000,0.59,12.775,61.000,5.5,13.906,14.505,0.1709,4.339
399,2012-12-15 19:30:00,0.6,-0.2039,0.0000,0.59,12.847,60.900,5.5,13.882,14.505,0.1703,4.339
400,2012-12-15 19:35:00,0.6,-0.2039,0.0000,0.59,12.751,61.200,5.5,13.882,14.481,0.1703,4.339
401,2012-12-15 19:40:00,0.6,-0.2039,0.0000,0.59,12.630,61.800,5.5,13.882,14.481,0.1703,4.339
402,2012-12-15 19:45:00,0.6,-0.2039,0.0000,0.59,12.509,61.300,5.3,13.858,14.481,0.1703,4.339
403,2012-12-15 19:50:00,0.6,-0.2039,0.0000,0.59,12.558,59.900,5.0,13.858,14.457,0.1709,4.339
404,2012-12-15 19:55:00,0.6,-0.2039,0.0000,0.59,12.582,58.600,4.7,13.858,14.457,0.1703,4.339
405,2012-12-15 20:00:00,0.6,-0.2039,0.0000,0.59,12.582,58.200,4.6,13.834,14.433,0.1709,4.363
406,2012-12-15 20:05:00,0.6,-0.2039,0.0000,0.59,12.485,58.800,4.7,13.834,14.433,0.1703,4.339
407,2012-12-15 20:10:00,0.6,-0.2039,0.0000,0.59,12.316,59.700,4.7,13.810,14.433,0.1714,4.339
408,2012-12-15 20:15:00,0.6,-0.2039,0.0000,0.59,12.171,59.700,4.6,13.810,14.409,0.1709,4.339
409,2012-12-15 20:20:00,0.6,-0.2039,0.0000,0.59,12.074,59.400,4.4,13.786,14.409,0.1703,4.339
410,2012-12-15 20:25:00,0.6,-0.2039,0.0000,0.59,12.098,58.300,4.2,13.786,14.409,0.1709,4.339
411,2012-12-15 20:30:00,0.6,-0.2039,0.0000,0.00,12.098,58.200,4.1,13.762,14.385,0.1703,4.339
412,2012-12-15 20:35:00,0.6,-0.2039,0.0000,0.59,11.977,58.000,4.0,13.762,14.385,0.1709,4.339
413,2012-12-15 20:40:00,0.6,-0.2039,0.0000,0.59,12.050,58.600,4.2,13.738,14.385,0.1709,4.339
414,2012-12-15 20:45:00,0.6,-0.2039,0.0000,0.59,12.025,58.300,4.1,13.738,14.361,0.1703,4.339
415,2012-12-15 20:50:00,0.6,-0.2039,0.0000,0.59,12.074,58.500,4.2,13.714,14.337,0.1709,4.339
416,2012-12-15 20:55:00,0.6,-0.2039,0.0000,0.59,11.929,59.300,4.3,13.714,14.337,0.1714,4.339
417,2012-12-15 21:00:00,0.6,-0.2039,0.0000,0.59,11.904,59.400,4.3,13.690,14.337,0.1714,4.339
418,2012-12-15 21:05:00,0.6,-0.2039,0.0000,0.59,11.929,60.000,4.4,13.690,14.337,0.1714,4.339
419,2012-12-15 21:10:00,0.6,-0.2039,0.0000,0.59,11.783,60.800,4.5,13.690,14.314,0.1714,4.339
420,2012-12-15 21:15:00,0.6,-0.2039,0.0000,0.00,11.637,61.700,4.5,13.666,14.314,0.1718,4.339
421,2012-12-15 21:20:00,0.6,-0.2039,0.0000,0.00,11.297,62.500,4.4,13.642,14.290,0.1714,4.339
422,2012-12-15 21:25:00,0.6,-0.2039,0.0000,0.00,10.980,62.800,4.2,13.618,14.290,0.1714,4.339
423,2012-12-15 21:30:00,0.6,-0.2039,0.0000,0.00,10.834,64.100,4.3,13.618,14.290,0.1714,4.339
424,2012-12-15 21:35:00,0.6,-0.2039,0.0000,0.00,10.638,65.100,4.4,13.570,14.266,0.1709,4.339
425,2012-12-15 21:40:00,0.6,-0.2039,0.0000,0.00,10.516,66.000,4.4,13.546,14.242,0.1714,4.339
426,2012-12-15 21:45:00,0.6,-0.2039,0.0000,0.00,10.541,66.100,4.5,13.522,14.242,0.1714,4.339
427,2012-12-15 21:50:00,0.6,-0.2039,0.0000,0.59,10.418,66.300,4.4,13.497,14.218,0.1709,4.345
428,2012-12-15 21:55:00,0.6,-0.2039,0.0000,0.00,10.980,66.100,4.9,13.449,14.218,0.1714,4.339
429,2012-12-15 22:00:00,0.6,-0.2039,0.0000,0.59,11.224,65.600,5.0,13.425,14.194,0.1709,4.339
430,2012-12-15 22:05:00,0.6,-0.2039,0.0000,0.59,11.127,65.000,4.8,13.401,14.170,0.1714,4.339
431,2012-12-15 22:10:00,0.6,-0.2039,0.0000,0.59,11.127,65.100,4.8,13.401,14.170,0.1714,4.339
432,2012-12-15 22:15:00,0.6,-0.2039,0.0000,0.59,11.370,64.300,4.9,13.377,14.146,0.1714,4.339
433,2012-12-15 22:20:00,0.6,-0.2039,0.0000,0.59,11.419,64.200,4.9,13.377,14.146,0.1714,4.339
434,2012-12-15 22:25:00,0.6,-0.2039,0.0000,0.59,11.419,63.900,4.8,13.377,14.122,0.1714,4.339
435,2012-12-15 22:30:00,0.6,-0.2039,0.0000,0.59,11.370,64.300,4.9,13.377,14.122,0.1714,4.339
436,2012-12-15 22:35:00,0.6,-0.2039,0.0000,0.59,11.370,63.400,4.7,13.377,14.098,0.1714,4.339
437,2012-12-15 22:40:00,0.6,-0.2039,0.0000,0.59,11.297,62.800,4.5,13.377,14.098,0.1714,4.339
438,2012-12-15 22:45:00,0.6,-0.2039,0.0000,0.59,11.297,63.800,4.7,13.377,14.098,0.1714,4.339
439,2012-12-15 22:50:00,0.6,-0.2039,0.0000,0.59,11.248,63.500,4.6,13.377,14.098,0.1714,4.339
440,2012-12-15 22:55:00,0.6,-0.2039,0.0000,0.59,11.321,63.700,4.7,13.377,14.074,0.1714,4.339
441,2012-12-15 23:00:00,0.6,-0.2039,0.0000,0.59,11.419,63.400,4.7,13.401,14.074,0.1714,4.339
442,2012-12-15 23:05:00,0.6,-0.2039,0.0000,0.59,11.370,63.800,4.8,13.401,14.074,0.1718,4.333
443,2012-12-15 23:10:00,0.6,-0.2039,0.0000,0.59,11.394,63.500,4.7,13.401,14.074,0.1714,4.333
444,2012-12-15 23:15:00,0.6,-0.2039,0.0000,0.59,11.467,65.000,5.1,13.401,14.050,0.1714,4.333
445,2012-12-15 23:20:00,0.6,-0.2039,0.0000,0.59,11.492,65.700,5.3,13.401,14.050,0.1718,4.333
446,2012-12-15 23:25:00,0.6,-0.2039,0.0000,0.59,11.394,67.100,5.5,13.401,14.050,0.1714,4.333
447,2012-12-15 23:30:00,0.6,-0.2039,0.0000,0.59,12.050,61.200,4.8,13.401,14.050,0.1714,4.333
448,2012-12-15 23:35:00,0.6,-0.2039,0.0000,0.59,11.880,63.000,5.1,13.401,14.050,0.1718,4.333
449,2012-12-15 23:40:00,0.6,-0.2039,0.0000,0.59,11.710,64.300,5.2,13.401,14.050,0.1714,4.333
450,2012-12-15 23:45:00,0.6,-0.2039,0.0000,0.59,11.492,65.000,5.2,13.401,14.026,0.1718,4.333
451,2012-12-15 23:50:00,0.6,-0.2039,0.0000,0.59,11.419,65.700,5.2,13.401,14.026,0.1718,4.333
452,2012-12-15 23:55:00,0.6,-0.2039,0.0000,0.59,11.637,64.600,5.2,13.401,14.026,0.1714,4.333
453,2012-12-16 00:00:00,0.6,-0.2039,0.0000,0.59,11.734,65.300,5.5,13.401,14.026,0.1714,4.333
454,2012-12-16 00:05:00,0.6,-0.2039,0.0000,0.59,12.050,64.900,5.7,13.401,14.026,0.1714,4.333
455,2012-12-16 00:10:00,0.6,-0.2039,0.0000,0.59,12.050,65.000,5.7,13.401,14.026,0.1714,4.333
456,2012-12-16 00:15:00,0.6,-0.2039,0.0000,0.59,11.904,65.300,5.6,13.401,14.002,0.1718,4.333
457,2012-12-16 00:20:00,0.6,-0.2039,0.0000,0.59,11.807,66.100,5.7,13.401,14.002,0.1714,4.333
458,2012-12-16 00:25:00,0.6,-0.2039,0.0000,0.59,11.759,67.400,5.9,13.401,14.002,0.1718,4.333
459,2012-12-16 00:30:00,0.6,-0.2039,0.0000,0.59,11.637,68.300,6.0,13.401,14.002,0.1718,4.333
460,2012-12-16 00:35:00,0.6,-0.2039,0.0000,0.59,11.662,67.400,5.8,13.401,14.002,0.1718,4.333
461,2012-12-16 00:40:00,0.6,-0.2039,0.0000,0.59,11.880,67.800,6.1,13.401,14.002,0.1714,4.333
462,2012-12-16 00:45:00,0.6,-0.2039,0.0000,0.59,11.856,66.500,5.8,13.401,14.002,0.1714,4.333
463,2012-12-16 00:50:00,0.6,-0.2039,0.0000,0.59,11.807,66.900,5.9,13.401,14.002,0.1714,4.333
464,2012-12-16 00:55:00,0.6,-0.2039,0.0000,0.59,11.880,66.300,5.8,13.401,14.002,0.1718,4.333
465,2012-12-16 01:00:00,0.6,-0.2039,0.0000,0.59,11.904,66.400,5.9,13.401,14.002,0.1718,4.333
466,2012-12-16 01:05:00,0.6,-0.2039,0.0000,0.59,11.783,69.400,6.4,13.401,13.978,0.1718,4.333
467,2012-12-16 01:10:00,0.6,-0.2039,0.0000,0.59,11.686,71.100,6.6,13.401,13.978,0.1714,4.333
468,2012-12-16 01:15:00,0.6,-0.2039,0.0000,0.59,11.613,69.400,6.2,13.425,13.978,0.1718,4.333
469,2012-12-16 01:20:00,0.6,-0.2039,0.0000,0.59,11.662,68.800,6.1,13.425,13.978,0.1718,4.333
470,2012-12-16 01:25:00,0.6,-0.2039,0.0000,0.59,11.734,69.500,6.4,13.401,13.978,0.1718,4.333
471,2012-12-16 01:30:00,0.6,-0.2039,0.0000,0.59,11.710,69.400,6.3,13.425,13.978,0.1718,4.333
472,2012-12-16 01:35:00,0.6,-0.2039,0.0000,0.59,11.589,70.400,6.4,13.425,13.978,0.1714,4.333
473,2012-12-16 01:40:00,0.6,-0.2039,0.0000,0.59,11.540,71.000,6.5,13.425,13.978,0.1718,4.333
474,2012-12-16 01:45:00,0.6,-0.2039,0.0000,0.59,11.516,69.700,6.2,13.425,13.954,0.1714,4.333
475,2012-12-16 01:50:00,0.6,-0.2039,0.0000,0.59,11.686,70.500,6.5,13.425,13.954,0.1718,4.333
476,2012-12-16 01:55:00,0.6,-0.2039,0.0000,0.59,11.759,68.500,6.2,13.425,13.954,0.1718,4.333
477,2012-12-16 02:00:00,0.6,-0.2039,0.0000,0.59,11.929,68.300,6.3,13.425,13.954,0.1714,4.333
478,2012-12-16 02:05:00,0.6,-0.2039,0.0000,0.59,12.001,68.500,6.4,13.425,13.954,0.1718,4.333
479,2012-12-16 02:10:00,0.6,-0.2039,0.0000,0.59,11.929,68.300,6.3,13.401,13.954,0.1718,4.333
480,2012-12-16 02:15:00,0.6,-0.2039,0.0000,0.59,12.171,67.800,6.4,13.425,13.954,0.1718,4.333
481,2012-12-16 02:20:00,0.6,-0.2039,0.0000,0.59,12.147,67.300,6.3,13.401,13.954,0.1718,4.333
482,2012-12-16 02:25:00,0.6,-0.2039,0.0000,0.59,12.268,66.800,6.3,13.401,13.954,0.1718,4.333
483,2012-12-16 02:30:00,0.6,-0.2039,0.0000,0.59,12.098,68.000,6.4,13.425,13.954,0.1718,4.333
484,2012-12-16 02:35:00,0.6,-0.2039,0.0000,0.59,11.929,69.800,6.6,13.401,13.954,0.1718,4.333
485,2012-12-16 02:40:00,0.6,-0.2039,0.0000,0.59,11.904,69.100,6.4,13.401,13.954,0.1718,4.333
486,2012-12-16 02:45:00,0.6,-0.2039,0.0000,0.59,12.025,68.300,6.4,13.425,13.954,0.1718,4.333
487,2012-12-16 02:50:00,0.6,-0.2039,0.0000,0.59,12.243,66.900,6.3,13.425,13.954,0.1718,4.333
488,2012-12-16 02:55:00,0.6,-0.2039,0.0000,0.59,12.268,67.000,6.3,13.425,13.930,0.1718,4.333
489,2012-12-16 03:00:00,0.6,-0.2039,0.0000,0.59,12.243,67.200,6.4,13.401,13.930,0.1718,4.333
490,2012-12-16 03:05:00,0.6,-0.2039,0.0000,0.59,12.171,67.000,6.2,13.401,13.930,0.1718,4.333
491,2012-12-16 03:10:00,0.6,-0.2039,0.0000,0.59,12.098,67.800,6.3,13.401,13.930,0.1718,4.333
492,2012-12-16 03:15:00,0.6,-0.2039,0.0000,0.59,12.050,67.100,6.1,13.401,13.930,0.1718,4.333
493,2012-12-16 03:20:00,0.6,-0.2039,0.0000,0.59,12.001,67.400,6.2,13.401,13.930,0.1718,4.333
494,2012-12-16 03:25:00,0.6,-0.2039,0.0000,0.59,11.929,68.400,6.3,13.401,13.930,0.1718,4.327
495,2012-12-16 03:30:00,0.6,-0.2039,0.0000,0.59,12.074,66.800,6.1,13.401,13.930,0.1724,4.333
496,2012-12-16 03:35:00,0.6,-0.2039,0.0000,0.59,12.195,66.300,6.1,13.401,13.930,0.1718,4.333
497,2012-12-16 03:40:00,0.6,-0.2039,0.0000,0.59,12.122,66.700,6.1,13.401,13.930,0.1714,4.327
498,2012-12-16 03:45:00,0.6,-0.2039,0.0000,0.59,12.050,66.500,6.0,13.401,13.930,0.1714,4.327
499,2012-12-16 03:50:00,0.6,-0.2039,0.0000,0.59,12.461,65.100,6.1,13.377,13.906,0.1714,4.327
500,2012-12-16 03:55:00,0.6,-0.2039,0.0000,0.59,12.534,64.400,6.0,13.377,13.906,0.1718,4.327
501,2012-12-16 04:00:00,0.6,-0.2039,0.0000,0.59,12.485,64.500,6.0,13.377,13.906,0.1718,4.327
502,2012-12-16 04:05:00,0.6,-0.2039,0.0000,0.59,12.340,66.400,6.3,13.377,13.906,0.1714,4.327
503,2012-12-16 04:10:00,0.6,-0.2039,0.0000,0.59,12.122,66.900,6.2,13.377,13.906,0.1714,4.327
504,2012-12-16 04:15:00,0.6,-0.2039,0.0000,0.59,11.977,69.400,6.6,13.377,13.906,0.1714,4.327
505,2012-12-16 04:20:00,0.6,-0.2039,0.0000,0.59,12.025,69.700,6.7,13.377,13.906,0.1718,4.327
506,2012-12-16 04:25:00,0.6,-0.2039,0.0000,0.59,12.219,68.600,6.6,13.377,13.906,0.1718,4.327
507,2012-12-16 04:30:00,0.6,-0.2039,0.0000,0.59,12.074,69.700,6.7,13.353,13.906,0.1714,4.327
508,2012-12-16 04:35:00,0.6,-0.2039,0.0000,0.59,12.074,69.600,6.7,13.377,13.906,0.1718,4.327
509,2012-12-16 04:40:00,0.6,-0.2039,0.0000,0.59,11.953,70.700,6.8,13.353,13.882,0.1718,4.327
510,2012-12-16 04:45:00,0.6,-0.2039,0.0000,0.59,11.807,71.300,6.8,13.353,13.882,0.1718,4.327
511,2012-12-16 04:50:00,0.6,-0.2039,0.0000,0.59,11.807,71.000,6.7,13.353,13.882,0.1718,4.327
512,2012-12-16 04:55:00,0.6,-0.2039,0.0000,0.59,11.807,71.000,6.7,13.353,13.882,0.1714,4.327
513,2012-12-16 05:00:00,0.6,-0.2039,0.0000,0.59,11.807,71.000,6.7,13.353,13.882,0.1718,4.327
514,2012-12-16 05:05:00,0.6,-0.2039,0.0000,0.59,11.832,72.300,7.0,13.377,13.882,0.1714,4.327
515,2012-12-16 05:10:00,0.6,-0.2039,0.0000,0.59,11.880,71.700,6.9,13.353,13.882,0.1718,4.333
516,2012-12-16 05:15:00,0.6,-0.2039,0.0000,0.59,11.832,71.500,6.9,13.353,13.882,0.1724,4.327
517,2012-12-16 05:20:00,0.6,-0.2039,0.0000,0.59,11.856,72.100,7.0,13.353,13.882,0.1718,4.327
518,2012-12-16 05:25:00,0.6,-0.2039,0.0000,0.59,11.832,72.300,7.0,13.353,13.882,0.1714,4.327
519,2012-12-16 05:30:00,0.6,-0.2039,0.0000,0.59,11.807,73.400,7.2,13.353,13.882,0.1714,4.327
520,2012-12-16 05:35:00,0.6,-0.2039,0.0000,0.59,11.662,74.000,7.2,13.353,13.858,0.1714,4.327
521,2012-12-16 05:40:00,0.6,-0.2039,0.0000,1.18,11.516,74.100,7.1,13.353,13.882,0.1714,4.327
522,2012-12-16 05:45:00,0.6,-0.2039,0.0000,0.59,11.443,75.300,7.2,13.353,13.882,0.1714,4.327
523,2012-12-16 05:50:00,0.6,-0.2039,0.0000,0.59,11.419,75.200,7.2,13.353,13.858,0.1714,4.327
524,2012-12-16 05:55:00,0.6,-0.2039,0.0000,0.59,11.419,75.200,7.2,13.329,13.858,0.1718,4.327
525,2012-12-16 06:00:00,0.6,-0.2039,0.0000,0.59,11.443,75.300,7.2,13.329,13.858,0.1714,4.327
526,2012-12-16 06:05:00,0.6,-0.2039,0.0000,0.59,11.516,74.600,7.2,13.329,13.858,0.1714,4.327
527,2012-12-16 06:10:00,0.6,-0.2039,0.0000,0.59,11.516,74.500,7.2,13.329,13.858,0.1714,4.327
528,2012-12-16 06:15:00,0.6,-0.2039,0.0000,0.59,11.613,73.700,7.1,13.329,13.858,0.1718,4.327
529,2012-12-16 06:20:00,0.6,-0.2039,0.0000,0.59,11.589,73.700,7.1,13.329,13.858,0.1714,4.327
530,2012-12-16 06:25:00,0.6,-0.2039,0.0000,0.59,11.565,74.200,7.1,13.329,13.858,0.1718,4.327
531,2012-12-16 06:30:00,0.6,-0.2039,0.0000,0.59,11.589,74.500,7.2,13.329,13.834,0.1718,4.327
532,2012-12-16 06:35:00,0.6,-0.2039,0.0000,0.59,11.613,75.100,7.4,13.305,13.834,0.1714,4.327
533,2012-12-16 06:40:00,0.6,-0.2039,0.0000,0.59,11.589,75.400,7.4,13.305,13.834,0.1714,4.321
534,2012-12-16 06:45:00,0.6,-0.2039,0.0000,0.59,11.492,75.800,7.4,13.305,13.834,0.1714,4.327
535,2012-12-16 06:50:00,0.6,-0.2039,0.0000,0.59,11.443,76.100,7.4,13.305,13.834,0.1714,4.321
536,2012-12-16 06:55:00,1.9,-0.2039,0.0000,0.59,11.419,76.800,7.5,13.305,13.834,0.1714,4.321
537,2012-12-16 07:00:00,1.9,-0.2039,0.0000,0.59,11.419,76.600,7.5,13.305,13.834,0.1714,4.321
538,2012-12-16 07:05:00,3.1,-0.2039,0.0000,0.59,11.492,76.500,7.5,13.305,13.834,0.1714,4.321
539,2012-12-16 07:10:00,4.4,-0.2039,0.0000,0.59,11.516,76.700,7.6,13.305,13.834,0.1714,4.321
540,2012-12-16 07:15:00,5.6,-0.2039,0.0000,0.59,11.540,76.800,7.6,13.305,13.834,0.1714,4.321
541,2012-12-16 07:20:00,14.4,-0.2039,0.0000,0.59,11.613,76.400,7.6,13.305,13.810,0.1714,4.321
542,2012-12-16 07:25:00,16.9,-0.2039,0.0000,1.18,11.734,76.800,7.8,13.329,13.810,0.1709,4.321
543,2012-12-16 07:30:00,20.6,-0.2039,0.0000,0.59,11.734,75.700,7.6,13.329,13.834,0.1714,4.321
544,2012-12-16 07:35:00,23.1,-0.2039,0.0000,0.59,11.783,76.500,7.8,13.329,13.810,0.1714,4.321
545,2012-12-16 07:40:00,20.6,-0.2039,0.0000,0.59,11.832,75.500,7.7,13.329,13.810,0.1714,4.321
546,2012-12-16 07:45:00,33.1,-0.2039,0.0000,1.18,11.904,75.900,7.8,13.329,13.810,0.1714,4.321
547,2012-12-16 07:50:00,25.6,-0.2039,0.0000,1.18,12.001,74.300,7.6,13.329,13.810,0.1714,4.321
548,2012-12-16 07:55:00,26.9,-0.2039,0.0000,1.18,12.001,74.300,7.6,13.353,13.810,0.1714,4.321
549,2012-12-16 08:00:00,39.4,-0.2039,0.0000,1.18,11.953,74.700,7.6,13.353,13.810,0.1718,4.351
550,2012-12-16 08:05:00,63.1,-0.2039,0.0000,1.18,11.977,76.100,7.9,13.377,13.810,0.1718,4.333
551,2012-12-16 08:10:00,65.6,-0.2039,0.0000,0.59,12.050,74.700,7.7,13.377,13.834,0.1714,4.339
552,2012-12-16 08:15:00,65.6,-0.2039,0.0000,0.59,12.025,74.800,7.7,13.401,13.834,0.1714,4.345
553,2012-12-16 08:20:00,96.9,-0.2039,0.0000,1.18,12.147,75.400,7.9,13.425,13.834,0.1714,4.357
554,2012-12-16 08:25:00,83.1,-0.2039,0.0000,1.18,12.461,74.800,8.1,13.425,13.834,0.1714,4.369
555,2012-12-16 08:30:00,85.6,-0.2039,0.0000,1.18,12.534,73.300,7.9,13.473,13.834,0.1714,4.381
556,2012-12-16 08:35:00,91.9,-0.2039,0.0000,1.18,12.485,73.400,7.9,13.497,13.834,0.1714,4.381
557,2012-12-16 08:40:00,69.4,-0.2039,0.0000,1.18,12.437,72.600,7.7,13.546,13.858,0.1714,4.381
558,2012-12-16 08:45:00,108.1,-0.2039,0.0000,1.18,12.364,73.500,7.8,13.570,13.858,0.1718,4.363
559,2012-12-16 08:50:00,91.9,-0.2039,0.0000,1.18,12.582,72.700,7.8,13.594,13.858,0.1714,4.363
560,2012-12-16 08:55:00,101.9,-0.2039,0.0000,1.18,12.558,72.300,7.7,13.642,13.882,0.1714,4.381
561,2012-12-16 09:00:00,96.9,-0.2039,0.0000,1.18,12.727,71.700,7.8,13.666,13.882,0.1714,4.381
562,2012-12-16 09:05:00,103.1,-0.2039,0.0000,1.18,12.751,72.200,7.9,13.690,13.906,0.1714,4.363
563,2012-12-16 09:10:00,88.1,-0.2039,0.0000,1.18,12.606,71.800,7.7,13.714,13.906,0.1718,4.369
564,2012-12-16 09:15:00,84.4,-0.2039,0.0000,1.18,12.509,72.400,7.7,13.738,13.930,0.1714,4.381
565,2012-12-16 09:20:00,108.1,-0.2039,0.0000,1.18,12.364,74.300,7.9,13.762,13.930,0.1718,4.393
566,2012-12-16 09:25:00,94.4,-0.2039,0.0000,1.18,12.461,74.500,8.1,13.786,13.954,0.1718,4.369
567,2012-12-16 09:30:00,98.1,-0.2039,0.0000,1.18,12.534,76.000,8.4,13.786,13.954,0.1714,4.363
568,2012-12-16 09:35:00,115.6,-0.2039,0.0000,1.18,12.606,74.800,8.3,13.810,13.954,0.1718,4.381
569,2012-12-16 09:40:00,118.1,-0.2039,0.0000,1.18,12.727,75.500,8.5,13.834,13.978,0.1714,4.369
570,2012-12-16 09:45:00,113.1,-0.2039,0.0000,2.35,12.775,77.100,8.9,13.858,13.978,0.1718,4.381
571,2012-12-16 09:50:00,110.6,-0.2039,0.0000,2.94,12.389,80.000,9.0,13.882,14.002,0.1718,4.369
572,2012-12-16 09:55:00,119.4,-0.2039,0.0000,2.35,12.074,81.100,8.9,13.930,14.002,0.1714,4.363
573,2012-12-16 10:00:00,100.6,-0.2039,0.0000,1.76,12.122,82.600,9.3,13.930,14.026,0.1714,4.387
574,2012-12-16 10:05:00,111.9,-0.2039,0.0000,1.18,12.122,82.800,9.3,13.978,14.026,0.1714,4.393
575,2012-12-16 10:10:00,130.6,-0.2039,0.0000,1.18,12.074,82.100,9.1,14.002,14.050,0.1714,4.375
576,2012-12-16 10:15:00,156.9,-0.2039,0.0000,1.76,12.364,82.500,9.5,14.026,14.050,0.1714,4.363
577,2012-12-16 10:20:00,173.1,-0.2039,0.0000,5.88,12.219,84.200,9.6,14.050,14.074,0.1714,4.363
578,2012-12-16 10:25:00,184.4,-0.2039,0.0000,17.06,12.219,86.200,10.0,14.074,14.098,0.1718,4.393
579,2012-12-16 10:30:00,165.6,-0.2039,0.0000,17.65,11.977,86.600,9.8,14.098,14.098,0.1718,4.387
580,2012-12-16 10:35:00,133.1,-0.2039,0.0000,15.29,11.977,87.100,9.9,14.146,14.122,0.1714,4.369
581,2012-12-16 10:40:00,148.1,-0.2039,0.0000,5.88,11.904,87.800,10.0,14.218,14.122,0.1714,4.363
582,2012-12-16 10:45:00,194.4,-0.2039,0.0000,3.53,12.147,87.300,10.1,14.266,14.146,0.1718,4.393
583,2012-12-16 10:50:00,173.1,-0.2039,0.0000,5.88,12.171,87.600,10.2,14.290,14.170,0.1718,4.387
584,2012-12-16 10:55:00,174.4,-0.2039,0.0000,12.94,12.292,87.800,10.3,14.337,14.194,0.1714,4.369
585,2012-12-16 11:00:00,153.1,-0.2039,0.0000,12.94,12.098,88.300,10.2,14.385,14.218,0.1718,4.363
586,2012-12-16 11:05:00,178.1,-0.2039,0.0000,4.12,12.195,87.500,10.2,14.433,14.218,0.1714,4.363
587,2012-12-16 11:10:00,145.6,-0.2039,0.0000,2.94,12.268,87.400,10.2,14.481,14.242,0.1714,4.387
588,2012-12-16 11:15:00,136.9,-0.2039,0.0000,3.53,12.219,88.800,10.4,14.529,14.290,0.1714,4.381
589,2012-12-16 11:20:00,143.1,-0.2039,0.0000,2.94,12.243,88.900,10.5,14.553,14.290,0.1714,4.369
590,2012-12-16 11:25:00,185.6,-0.2039,0.0000,2.35,12.292,88.500,10.5,14.601,14.314,0.1714,4.363
591,2012-12-16 11:30:00,195.6,-0.2039,0.0000,4.12,12.703,88.900,10.9,14.625,14.337,0.1714,4.406
592,2012-12-16 11:35:00,185.6,-0.2039,0.0000,4.71,12.727,88.100,10.8,14.649,14.361,0.1714,4.381
593,2012-12-16 11:40:00,179.4,-0.2039,0.0000,5.88,12.751,88.000,10.8,14.697,14.385,0.1714,4.369
594,2012-12-16 11:45:00,171.9,-0.2039,0.0000,4.12,12.630,88.000,10.7,14.721,14.385,0.1714,4.363
595,2012-12-16 11:50:00,161.9,-0.2039,0.0000,2.35,12.389,88.100,10.5,14.768,14.409,0.1714,4.381
596,2012-12-16 11:55:00,129.4,-0.2039,0.0000,2.35,12.243,88.700,10.4,14.792,14.433,0.1714,4.400
597,2012-12-16 12:00:00,164.4,-0.2039,0.0000,2.94,12.461,89.200,10.7,14.840,14.457,0.1709,4.381
598,2012-12-16 12:05:00,121.9,-0.2039,0.0000,4.12,12.485,88.600,10.7,14.840,14.481,0.1714,4.369
599,2012-12-16 12:10:00,133.1,-0.2039,0.0000,14.71,12.316,89.100,10.6,14.864,14.481,0.1714,4.363
600,2012-12-16 12:15:00,126.9,-0.2039,0.0000,34.12,12.219,90.700,10.8,14.888,14.505,0.1718,4.369
601,2012-12-16 12:20:00,125.6,-0.2039,0.0000,52.35,12.171,90.700,10.7,14.912,14.529,0.1714,4.393
602,2012-12-16 12:25:00,129.4,-0.2039,0.0000,65.88,12.171,91.600,10.9,14.912,14.529,0.1714,4.381
603,2012-12-16 12:30:00,138.1,-0.2039,0.0000,79.41,12.195,91.100,10.8,14.912,14.553,0.1724,4.369
604,2012-12-16 12:35:00,141.9,-0.2039,0.0000,92.94,12.147,91.200,10.8,14.912,14.577,0.1714,4.363
605,2012-12-16 12:40:00,149.4,-0.2039,0.0000,99.41,12.316,91.500,11.0,14.912,14.577,0.1718,4.381
606,2012-12-16 12:45:00,136.9,-0.2039,0.0000,100.00,12.364,91.500,11.0,14.912,14.577,0.1714,4.387
607,2012-12-16 12:50:00,134.4,-0.2039,0.0000,100.00,12.461,92.000,11.2,14.912,14.601,0.1714,4.369
608,2012-12-16 12:55:00,135.6,-0.2039,0.0000,100.00,12.437,92.200,11.2,14.936,14.601,0.1724,4.363
609,2012-12-16 13:00:00,124.4,-0.2039,0.0000,100.00,12.630,92.900,11.5,14.936,14.625,0.1714,4.363
610,2012-12-16 13:05:00,121.9,-0.2039,0.0000,100.00,12.534,91.800,11.3,14.936,14.625,0.1718,4.393
611,2012-12-16 13:10:00,115.6,-0.2039,0.0000,100.00,12.413,91.900,11.1,14.960,14.649,0.1718,4.381
612,2012-12-16 13:15:00,128.1,-0.2039,0.0000,100.00,12.461,91.900,11.2,14.984,14.649,0.1718,4.369
613,2012-12-16 13:20:00,116.9,-0.2039,0.0000,100.00,12.606,92.400,11.4,14.984,14.673,0.1718,4.363
614,2012-12-16 13:25:00,123.1,-0.2039,0.0000,100.00,12.727,91.400,11.4,14.984,14.673,0.1714,4.363
615,2012-12-16 13:30:00,115.6,-0.2039,0.0000,100.00,12.823,91.100,11.4,15.008,14.673,0.1718,4.393
616,2012-12-16 13:35:00,104.4,-0.2039,0.0000,100.00,12.823,91.600,11.5,15.008,14.697,0.1718,4.381
617,2012-12-16 13:40:00,115.6,-0.2039,0.0000,100.00,12.751,90.800,11.3,15.008,14.697,0.1718,4.369
618,2012-12-16 13:45:00,94.4,-0.2039,0.0000,100.00,12.775,90.400,11.3,15.031,14.697,0.1718,4.363
619,2012-12-16 13:50:00,96.9,-0.2039,0.0000,100.00,12.654,90.900,11.2,15.031,14.721,0.1714,4.375
620,2012-12-16 13:55:00,66.9,-0.2039,0.0000,100.00,12.654,91.400,11.3,15.031,14.721,0.1718,4.393
621,2012-12-16 14:00:00,61.9,-0.2039,0.0000,100.00,12.558,92.200,11.3,15.031,14.721,0.1718,4.375
622,2012-12-16 14:05:00,65.6,-0.2039,0.0000,100.00,12.389,92.400,11.2,15.008,14.745,0.1718,4.363
623,2012-12-16 14:10:00,63.1,-0.2039,0.0000,100.00,12.389,92.600,11.2,15.008,14.745,0.1718,4.363
624,2012-12-16 14:15:00,38.1,-0.2039,0.0000,100.00,12.292,93.000,11.2,14.984,14.745,0.1718,4.363
625,2012-12-16 14:20:00,58.1,-0.2039,0.0000,100.00,12.316,93.700,11.3,14.960,14.745,0.1718,4.369
626,2012-12-16 14:25:00,51.9,-0.2039,0.0000,100.00,12.219,93.600,11.2,14.936,14.745,0.1718,4.369
627,2012-12-16 14:30:00,71.9,-0.2039,0.0000,100.00,12.292,94.000,11.4,14.912,14.745,0.1718,4.381
628,2012-12-16 14:35:00,74.4,-0.2039,0.0000,100.00,12.389,94.200,11.5,14.888,14.745,0.1718,4.393
629,2012-12-16 14:40:00,69.4,-0.2039,0.0000,100.00,12.413,94.200,11.5,14.888,14.745,0.1718,4.369
630,2012-12-16 14:45:00,45.6,-0.2039,0.0000,100.00,12.316,94.100,11.4,14.864,14.745,0.1724,4.363
631,2012-12-16 14:50:00,55.6,-0.2039,0.0000,100.00,12.122,94.100,11.2,14.840,14.745,0.1718,4.369
632,2012-12-16 14:55:00,40.6,-0.2039,0.0000,100.00,11.977,94.700,11.2,14.840,14.745,0.1718,4.369
633,2012-12-16 15:00:00,64.4,-0.2039,0.0000,100.00,11.977,95.200,11.2,14.816,14.745,0.1724,4.381
634,2012-12-16 15:05:00,76.9,-0.2039,0.0000,100.00,12.074,95.300,11.4,14.792,14.745,0.1718,4.393
635,2012-12-16 15:10:00,68.1,-0.2039,0.0000,100.00,12.171,95.700,11.5,14.768,14.745,0.1718,4.369
636,2012-12-16 15:15:00,55.6,-0.2039,0.0000,100.00,12.171,95.600,11.5,14.745,14.721,0.1718,4.363
637,2012-12-16 15:20:00,55.6,-0.2039,0.0000,100.00,12.171,95.900,11.6,14.745,14.721,0.1718,4.363
638,2012-12-16 15:25:00,60.6,-0.2039,0.0000,100.00,12.147,95.700,11.5,14.721,14.721,0.1718,4.369
639,2012-12-16 15:30:00,55.6,-0.2039,0.0000,100.00,12.147,95.400,11.4,14.721,14.721,0.1718,4.381
640,2012-12-16 15:35:00,41.9,-0.2039,0.0000,100.00,12.147,95.400,11.4,14.721,14.721,0.1724,4.369
641,2012-12-16 15:40:00,40.6,-0.2039,0.0000,100.00,12.098,95.400,11.4,14.721,14.721,0.1724,4.369
642,2012-12-16 15:45:00,48.1,-0.2039,0.0000,100.00,12.122,95.400,11.4,14.697,14.721,0.1718,4.369
643,2012-12-16 15:50:00,45.6,-0.2039,0.0000,95.88,12.147,94.900,11.4,14.697,14.721,0.1718,4.369
644,2012-12-16 15:55:00,36.9,-0.2039,0.0000,80.59,12.219,94.900,11.4,14.697,14.697,0.1718,4.363
645,2012-12-16 16:00:00,25.6,-0.2039,0.0000,84.71,12.195,94.900,11.4,14.673,14.697,0.1718,4.363
646,2012-12-16 16:05:00,20.6,-0.2039,0.0000,96.47,12.219,95.000,11.5,14.673,14.697,0.1718,4.363
647,2012-12-16 16:10:00,18.1,-0.2039,0.0000,100.00,12.171,94.900,11.4,14.649,14.697,0.1724,4.357
648,2012-12-16 16:15:00,13.1,-0.2039,0.0000,100.00,12.147,94.700,11.3,14.649,14.697,0.1724,4.357
649,2012-12-16 16:20:00,14.4,-0.2039,0.0000,100.00,12.147,95.200,11.4,14.625,14.697,0.1724,4.351
650,2012-12-16 16:25:00,11.9,-0.2039,0.0000,100.00,12.098,95.100,11.4,14.601,14.697,0.1724,4.351
651,2012-12-16 16:30:00,8.1,-0.2039,0.0000,100.00,12.098,95.200,11.4,14.601,14.697,0.1724,4.351
652,2012-12-16 16:35:00,4.4,-0.2039,0.0000,100.00,12.074,95.000,11.3,14.577,14.673,0.1718,4.369
653,2012-12-16 16:40:00,1.9,-0.2039,0.0000,100.00,12.074,95.300,11.4,14.553,14.673,0.1724,4.351
654,2012-12-16 16:45:00,0.6,-0.2039,0.0000,100.00,12.025,95.800,11.4,14.529,14.673,0.1724,4.351
655,2012-12-16 16:50:00,0.6,-0.2039,0.0000,100.00,11.953,96.100,11.4,14.505,14.673,0.1728,4.351
656,2012-12-16 16:55:00,0.6,-0.2039,0.0000,100.00,11.953,96.300,11.4,14.481,14.649,0.1728,4.351
657,2012-12-16 17:00:00,0.6,-0.2039,0.0000,100.00,11.953,96.400,11.4,14.457,14.649,0.1724,4.351
658,2012-12-16 17:05:00,0.6,-0.2039,0.0000,100.00,11.929,96.600,11.4,14.433,14.625,0.1728,4.345
659,2012-12-16 17:10:00,0.6,-0.2039,0.0000,100.00,11.953,96.600,11.4,14.433,14.625,0.1728,4.345
660,2012-12-16 17:15:00,0.6,-0.2039,0.0000,100.00,11.880,96.000,11.3,14.409,14.625,0.1728,4.345
661,2012-12-16 17:20:00,0.6,-0.2039,0.0000,100.00,11.856,96.000,11.3,14.385,14.601,0.1724,4.345
662,2012-12-16 17:25:00,0.6,-0.2039,0.0000,100.00,11.856,95.800,11.2,14.361,14.601,0.1724,4.345
663,2012-12-16 17:30:00,0.6,-0.2039,0.0000,100.00,11.880,95.400,11.2,14.337,14.601,0.1728,4.345
664,2012-12-16 17:35:00,0.6,-0.2039,0.0000,100.00,11.880,95.800,11.2,14.337,14.601,0.1724,4.345
665,2012-12-16 17:40:00,0.6,-0.2039,0.0000,100.00,11.856,95.700,11.2,14.314,14.577,0.1728,4.345
666,2012-12-16 17:45:00,0.6,-0.2039,0.0000,100.00,11.856,95.700,11.2,14.290,14.577,0.1728,4.345
667,2012-12-16 17:50:00,0.6,-0.2039,0.0000,100.00,11.856,96.000,11.3,14.266,14.577,0.1724,4.345
668,2012-12-16 17:55:00,0.6,-0.2039,0.0000,100.00,11.856,95.800,11.2,14.266,14.553,0.1728,4.345
669,2012-12-16 18:00:00,0.6,-0.2039,0.0000,100.00,11.856,95.800,11.2,14.242,14.553,0.1724,4.345
670,2012-12-16 18:05:00,0.6,-0.2039,0.0000,100.00,11.856,95.300,11.1,14.242,14.553,0.1728,4.345
671,2012-12-16 18:10:00,0.6,-0.2039,0.0000,100.00,11.880,93.900,10.9,14.218,14.529,0.1728,4.339
672,2012-12-16 18:15:00,0.6,-0.2039,0.0000,100.00,11.929,93.500,10.9,14.194,14.529,0.1728,4.339
673,2012-12-16 18:20:00,0.6,-0.2039,0.0000,100.00,11.880,93.800,10.9,14.194,14.529,0.1732,4.339
674,2012-12-16 18:25:00,0.6,-0.2039,0.0000,100.00,11.929,93.600,10.9,14.170,14.505,0.1728,4.339
675,2012-12-16 18:30:00,0.6,-0.2039,0.0000,100.00,11.929,93.600,10.9,14.146,14.505,0.1728,4.339
676,2012-12-16 18:35:00,0.6,-0.2039,0.0000,100.00,11.929,93.600,10.9,14.146,14.481,0.1728,4.339
677,2012-12-16 18:40:00,0.6,-0.2039,0.0000,100.00,11.856,94.000,10.9,14.122,14.481,0.1728,4.339
678,2012-12-16 18:45:00,0.6,-0.2039,0.0000,98.82,11.904,93.300,10.9,14.122,14.481,0.1732,4.339
679,2012-12-16 18:50:00,0.6,-0.2039,0.0000,97.06,11.904,92.800,10.8,14.098,14.457,0.1728,4.339
680,2012-12-16 18:55:00,0.6,-0.2039,0.0000,97.65,11.904,92.700,10.8,14.074,14.457,0.1732,4.339
681,2012-12-16 19:00:00,0.6,-0.2039,0.0000,95.29,11.953,92.400,10.8,14.074,14.457,0.1732,4.339
682,2012-12-16 19:05:00,0.6,-0.2039,0.0000,95.88,12.001,92.600,10.9,14.050,14.457,0.1738,4.339
683,2012-12-16 19:10:00,0.6,-0.2039,0.0000,94.12,11.929,93.000,10.8,14.050,14.433,0.1738,4.339
684,2012-12-16 19:15:00,0.6,-0.2039,0.0000,93.53,11.953,92.800,10.8,14.026,14.433,0.1732,4.339
685,2012-12-16 19:20:00,0.6,-0.2039,0.0000,94.12,11.953,92.800,10.8,14.026,14.433,0.1738,4.339
686,2012-12-16 19:25:00,0.6,-0.2039,0.0000,90.00,12.001,92.900,10.9,14.002,14.409,0.1742,4.339
687,2012-12-16 19:30:00,0.6,-0.2039,0.0000,88.24,12.025,92.600,10.9,14.002,14.409,0.1738,4.339
688,2012-12-16 19:35:00,0.6,-0.2039,0.0000,87.65,12.025,92.800,10.9,14.002,14.409,0.1738,4.339
689,2012-12-16 19:40:00,0.6,-0.2039,0.0000,85.88,12.122,92.000,10.9,14.002,14.385,0.1732,4.339
690,2012-12-16 19:45:00,0.6,-0.2039,0.0000,85.88,12.098,92.300,10.9,13.978,14.385,0.1738,4.339
691,2012-12-16 19:50:00,0.6,-0.2039,0.0000,82.35,12.098,92.200,10.9,13.978,14.385,0.1752,4.339
692,2012-12-16 19:55:00,0.6,-0.2039,0.0000,81.18,12.122,92.100,10.9,13.978,14.385,0.1742,4.339
693,2012-12-16 20:00:00,0.6,-0.2039,0.0000,80.00,12.098,92.300,10.9,13.978,14.385,0.1742,4.339
694,2012-12-16 20:05:00,0.6,-0.2039,0.0000,80.00,12.098,92.400,10.9,13.978,14.385,0.1738,4.339
695,2012-12-16 20:10:00,0.6,-0.2039,0.0000,79.41,12.074,92.500,10.9,13.978,14.361,0.1742,4.339
696,2012-12-16 20:15:00,0.6,-0.2039,0.0000,77.65,12.122,92.400,10.9,13.954,14.361,0.1742,4.339
697,2012-12-16 20:20:00,0.6,-0.2039,0.0000,75.29,12.147,92.500,11.0,13.954,14.361,0.1742,4.339
698,2012-12-16 20:25:00,0.6,-0.2039,0.0000,72.35,12.195,92.100,11.0,13.954,14.361,0.1742,4.339
699,2012-12-16 20:30:00,0.6,-0.2039,0.0000,70.59,12.219,92.100,11.0,13.954,14.337,0.1742,4.339
700,2012-12-16 20:35:00,0.6,-0.2039,0.0000,70.59,12.195,92.500,11.0,13.954,14.337,0.1746,4.339
701,2012-12-16 20:40:00,0.6,-0.2039,0.0000,69.41,12.195,92.100,11.0,13.954,14.337,0.1746,4.339
702,2012-12-16 20:45:00,0.6,-0.2039,0.0000,71.76,12.219,92.500,11.1,13.954,14.337,0.1746,4.339
703,2012-12-16 20:50:00,0.6,-0.2039,0.0000,70.00,12.195,92.300,11.0,13.954,14.337,0.1746,4.339
704,2012-12-16 20:55:00,0.6,-0.2039,0.0000,68.24,12.147,92.500,11.0,13.954,14.337,0.1765,4.339
705,2012-12-16 21:00:00,0.6,-0.2039,0.0000,63.53,12.147,92.100,10.9,13.954,14.337,0.1881,4.339
706,2012-12-16 21:05:00,0.6,-0.2039,0.0000,61.76,12.122,92.400,10.9,13.954,14.337,0.1885,4.339
707,2012-12-16 21:10:00,0.6,-0.2039,0.0000,60.59,12.122,92.300,10.9,13.954,14.314,0.1876,4.339
708,2012-12-16 21:15:00,0.6,-0.2039,0.0000,59.41,12.171,92.000,10.9,13.954,14.314,0.1849,4.339
709,2012-12-16 21:20:00,0.6,-0.2039,0.0000,62.35,12.195,92.500,11.0,13.954,14.314,0.1843,4.339
710,2012-12-16 21:25:00,0.6,-0.2039,0.0000,60.59,12.219,92.100,11.0,13.930,14.314,0.1849,4.339
711,2012-12-16 21:30:00,0.6,-0.2039,0.0000,59.41,12.219,92.100,11.0,13.930,14.314,0.1849,4.339
712,2012-12-16 21:35:00,0.6,-0.2039,0.0000,57.65,12.243,92.300,11.0,13.930,14.314,0.1830,4.339
713,2012-12-16 21:40:00,0.6,-0.2039,0.0000,57.06,12.219,92.300,11.0,13.930,14.314,0.1820,4.333
714,2012-12-16 21:45:00,0.6,-0.2039,0.0000,57.65,12.268,92.300,11.1,13.930,14.314,0.1797,4.339
715,2012-12-16 21:50:00,0.6,-0.2039,0.0000,56.47,12.243,92.600,11.1,13.930,14.290,0.1793,4.333
716,2012-12-16 21:55:00,0.6,-0.2039,0.0000,54.12,12.268,92.100,11.0,13.930,14.290,0.1789,4.333
717,2012-12-16 22:00:00,0.6,-0.2039,0.0000,54.71,12.268,92.600,11.1,13.906,14.290,0.1783,4.333
718,2012-12-16 22:05:00,0.6,-0.2039,0.0000,54.71,12.340,92.100,11.1,13.906,14.290,0.1783,4.333
719,2012-12-16 22:10:00,0.6,-0.2039,0.0000,55.29,12.340,92.400,11.2,13.906,14.290,0.1779,4.333
720,2012-12-16 22:15:00,0.6,-0.2039,0.0000,52.94,12.364,92.200,11.1,13.906,14.290,0.1783,4.333
721,2012-12-16 22:20:00,0.6,-0.2039,0.0000,52.94,12.389,92.100,11.2,13.906,14.290,0.1769,4.333
722,2012-12-16 22:25:00,0.6,-0.2039,0.0000,51.18,12.389,92.100,11.2,13.906,14.290,0.1769,4.333
723,2012-12-16 22:30:00,0.6,-0.2039,0.0000,53.53,12.389,92.500,11.2,13.906,14.290,0.1765,4.333
724,2012-12-16 22:35:00,0.6,-0.2039,0.0000,49.41,12.389,92.200,11.2,13.906,14.290,0.1762,4.333
725,2012-12-16 22:40:00,0.6,-0.2039,0.0000,48.82,12.485,91.800,11.2,13.906,14.290,0.1762,4.333
726,2012-12-16 22:45:00,0.6,-0.2039,0.0000,46.47,12.558,91.300,11.2,13.906,14.290,0.1762,4.333
727,2012-12-16 22:50:00,0.6,-0.2039,0.0000,47.65,12.630,91.300,11.3,13.906,14.290,0.1756,4.333
728,2012-12-16 22:55:00,0.6,-0.2039,0.0000,48.24,12.558,91.700,11.3,13.906,14.290,0.1756,4.333
729,2012-12-16 23:00:00,0.6,-0.2039,0.0000,46.47,12.558,91.700,11.3,13.906,14.266,0.1756,4.333
730,2012-12-16 23:05:00,0.6,-0.2039,0.0000,48.24,12.582,91.800,11.3,13.906,14.266,0.1756,4.363
731,2012-12-16 23:10:00,0.6,-0.2039,0.0000,49.41,12.534,91.900,11.3,13.906,14.266,0.1756,4.333
732,2012-12-16 23:15:00,0.6,-0.2039,0.0000,52.35,12.485,92.500,11.3,13.906,14.266,0.1756,4.333
733,2012-12-16 23:20:00,0.6,-0.2039,0.0000,60.00,12.413,92.900,11.3,13.906,14.266,0.1756,4.333
734,2012-12-16 23:25:00,0.6,-0.2039,0.0000,60.00,12.292,93.400,11.3,13.906,14.266,0.1756,4.333
735,2012-12-16 23:30:00,0.6,-0.2039,0.0000,60.00,12.219,93.700,11.2,13.906,14.266,0.1762,4.333
736,2012-12-16 23:35:00,0.6,-0.2039,0.0000,57.06,12.243,93.900,11.3,13.906,14.266,0.1765,4.333
737,2012-12-16 23:40:00,0.6,-0.2039,0.0000,57.65,12.268,93.900,11.3,13.906,14.266,0.1789,4.333
738,2012-12-16 23:45:00,0.6,-0.2039,0.0000,56.47,12.268,93.900,11.3,13.882,14.266,0.1793,4.333
739,2012-12-16 23:50:00,0.6,-0.2039,0.0000,57.06,12.292,93.900,11.4,13.882,14.266,0.1789,4.333
740,2012-12-16 23:55:00,0.6,-0.2039,0.0000,56.47,12.292,93.900,11.4,13.882,14.266,0.1793,4.333
741,2012-12-17 00:00:00,0.6,-0.2039,0.0000,55.88,12.292,93.700,11.3,13.882,14.266,0.1793,4.333
742,2012-12-17 00:05:00,0.6,-0.2039,0.0000,57.06,12.268,93.900,11.3,13.882,14.242,0.1826,4.333
743,2012-12-17 00:10:00,0.6,-0.2039,0.0000,57.06,12.268,93.900,11.3,13.882,14.242,0.1859,4.333
744,2012-12-17 00:15:00,0.6,-0.2039,0.0000,58.82,12.195,94.200,11.3,13.858,14.242,0.1876,4.333
745,2012-12-17 00:20:00,0.6,-0.2039,0.0000,60.00,12.147,94.500,11.3,13.858,14.242,0.1876,4.333
746,2012-12-17 00:25:00,0.6,-0.2039,0.0000,57.65,12.219,94.300,11.3,13.858,14.242,0.1797,4.333
747,2012-12-17 00:30:00,0.6,-0.2039,0.0000,57.06,12.292,94.200,11.4,13.858,14.242,0.1779,4.333
748,2012-12-17 00:35:00,0.6,-0.2039,0.0000,57.06,12.364,93.900,11.4,13.858,14.242,0.1779,4.333
749,2012-12-17 00:40:00,0.6,-0.2039,0.0000,56.47,12.364,94.000,11.4,13.834,14.242,0.1765,4.333
750,2012-12-17 00:45:00,0.6,-0.2039,0.0000,56.47,12.389,93.900,11.4,13.834,14.242,0.1765,4.333
751,2012-12-17 00:50:00,0.6,-0.2039,0.0000,56.47,12.389,94.000,11.5,13.834,14.218,0.1765,4.333
752,2012-12-17 00:55:00,0.6,-0.2039,0.0000,55.29,12.389,94.000,11.5,13.834,14.218,0.1769,4.333
753,2012-12-17 01:00:00,0.6,-0.2039,0.0000,55.29,12.437,93.600,11.4,13.834,14.218,0.1769,4.333
754,2012-12-17 01:05:00,0.6,-0.2039,0.0000,54.71,12.413,93.600,11.4,13.834,14.218,0.1775,4.333
755,2012-12-17 01:10:00,0.6,-0.2039,0.0000,55.88,12.413,93.700,11.4,13.858,14.218,0.1775,4.333
756,2012-12-17 01:15:00,0.6,-0.2039,0.0000,54.12,12.437,93.400,11.4,13.858,14.218,0.1775,4.333
757,2012-12-17 01:20:00,0.6,-0.2039,0.0000,54.71,12.437,93.600,11.4,13.858,14.218,0.1775,4.333
758,2012-12-17 01:25:00,0.6,-0.2039,0.0000,54.12,12.485,93.400,11.5,13.858,14.218,0.1779,4.333
759,2012-12-17 01:30:00,0.6,-0.2039,0.0000,53.53,12.509,93.400,11.5,13.858,14.218,0.1779,4.333
760,2012-12-17 01:35:00,0.6,-0.2039,0.0000,53.53,12.534,93.400,11.5,13.858,14.218,0.1775,4.333
761,2012-12-17 01:40:00,0.6,-0.2039,0.0000,53.53,12.534,93.300,11.5,13.858,14.218,0.1779,4.333
762,2012-12-17 01:45:00,0.6,-0.2039,0.0000,54.71,12.509,93.500,11.5,13.858,14.218,0.1775,4.333
763,2012-12-17 01:50:00,0.6,-0.2039,0.0000,54.12,12.461,93.600,11.5,13.858,14.218,0.1779,4.333
764,2012-12-17 01:55:00,0.6,-0.2039,0.0000,54.12,12.509,93.500,11.5,13.882,14.218,0.1779,4.333
765,2012-12-17 02:00:00,0.6,-0.2039,0.0000,54.12,12.509,93.500,11.5,13.858,14.218,0.1779,4.333
766,2012-12-17 02:05:00,0.6,-0.2039,0.0000,55.88,12.485,93.700,11.5,13.882,14.218,0.1779,4.363
767,2012-12-17 02:10:00,0.6,-0.2039,0.0000,55.29,12.509,93.700,11.5,13.882,14.218,0.1779,4.333
768,2012-12-17 02:15:00,0.6,-0.2039,0.0000,55.29,12.509,93.700,11.5,13.858,14.218,0.1779,4.333
769,2012-12-17 02:20:00,0.6,-0.2039,0.0000,54.12,12.485,93.400,11.5,13.882,14.218,0.1775,4.327
770,2012-12-17 02:25:00,0.6,-0.2039,0.0000,54.12,12.534,93.300,11.5,13.858,14.218,0.1775,4.333
771,2012-12-17 02:30:00,0.6,-0.2039,0.0000,52.94,12.534,93.200,11.5,13.858,14.218,0.1779,4.333
772,2012-12-17 02:35:00,0.6,-0.2039,0.0000,51.18,12.582,92.700,11.4,13.858,14.218,0.1775,4.327
773,2012-12-17 02:40:00,0.6,-0.2039,0.0000,51.76,12.606,92.400,11.4,13.858,14.218,0.1775,4.327
774,2012-12-17 02:45:00,0.6,-0.2039,0.0000,52.35,12.606,92.500,11.4,13.858,14.218,0.1779,4.327
775,2012-12-17 02:50:00,0.6,-0.2039,0.0000,51.76,12.582,92.600,11.4,13.858,14.218,0.1779,4.327
776,2012-12-17 02:55:00,0.6,-0.2039,0.0000,50.59,12.630,92.200,11.4,13.858,14.218,0.1783,4.327
777,2012-12-17 03:00:00,0.6,-0.2039,0.0000,50.00,12.606,92.000,11.4,13.858,14.218,0.1779,4.327
778,2012-12-17 03:05:00,0.6,-0.2039,0.0000,48.82,12.630,91.800,11.3,13.858,14.218,0.1783,4.327
779,2012-12-17 03:10:00,0.6,-0.2039,0.0000,49.41,12.630,91.700,11.3,13.858,14.218,0.1783,4.327
780,2012-12-17 03:15:00,0.6,-0.2039,0.0000,49.41,12.630,91.500,11.3,13.858,14.194,0.1789,4.327
781,2012-12-17 03:20:00,0.6,-0.2039,0.0000,50.00,12.606,91.600,11.3,13.858,14.194,0.1783,4.327
782,2012-12-17 03:25:00,0.6,-0.2039,0.0000,47.65,12.630,91.400,11.3,13.858,14.194,0.1779,4.327
783,2012-12-17 03:30:00,0.6,-0.2039,0.0000,49.41,12.630,91.700,11.3,13.834,14.194,0.1783,4.327
784,2012-12-17 03:35:00,0.6,-0.2039,0.0000,48.82,12.558,91.700,11.3,13.834,14.194,0.1783,4.327
785,2012-12-17 03:40:00,0.6,-0.2039,0.0000,47.65,12.582,91.600,11.3,13.834,14.194,0.1783,4.327
786,2012-12-17 03:45:00,0.6,-0.2039,0.0000,48.82,12.582,91.600,11.3,13.834,14.194,0.1779,4.327
787,2012-12-17 03:50:00,0.6,-0.2039,0.0000,48.24,12.509,91.800,11.2,13.834,14.194,0.1779,4.327
788,2012-12-17 03:55:00,0.6,-0.2039,0.0000,48.24,12.534,91.500,11.2,13.834,14.194,0.1779,4.327
789,2012-12-17 04:00:00,0.6,-0.2039,0.0000,50.59,12.437,92.000,11.2,13.834,14.194,0.1779,4.327
790,2012-12-17 04:05:00,0.6,-0.2039,0.0000,48.82,12.389,92.200,11.2,13.834,14.194,0.1779,4.327
791,2012-12-17 04:10:00,0.6,-0.2039,0.0000,48.24,12.485,91.600,11.2,13.834,14.194,0.1779,4.327
792,2012-12-17 04:15:00,0.6,-0.2039,0.0000,48.24,12.485,91.600,11.2,13.834,14.194,0.1779,4.327
793,2012-12-17 04:20:00,0.6,-0.2039,0.0000,48.82,12.534,91.400,11.2,13.810,14.194,0.1779,4.327
794,2012-12-17 04:25:00,0.6,-0.2039,0.0000,48.24,12.485,91.500,11.2,13.810,14.194,0.1783,4.327
795,2012-12-17 04:30:00,0.6,-0.2039,0.0000,48.24,12.485,91.700,11.2,13.810,14.170,0.1775,4.327
796,2012-12-17 04:35:00,0.6,-0.2039,0.0000,50.00,12.461,91.600,11.1,13.810,14.194,0.1779,4.327
797,2012-12-17 04:40:00,0.6,-0.2039,0.0000,49.41,12.437,91.800,11.2,13.786,14.170,0.1775,4.327
798,2012-12-17 04:45:00,0.6,-0.2039,0.0000,49.41,12.461,91.500,11.1,13.786,14.170,0.1779,4.327
799,2012-12-17 04:50:00,0.6,-0.2039,0.0000,46.47,12.509,91.300,11.1,13.786,14.170,0.1779,4.321
800,2012-12-17 04:55:00,0.6,-0.2039,0.0000,45.29,12.678,90.600,11.2,13.786,14.170,0.1779,4.321
801,2012-12-17 05:00:00,0.6,-0.2039,0.0000,44.12,12.678,90.500,11.2,13.786,14.170,0.1779,4.327
802,2012-12-17 05:05:00,0.6,-0.2039,0.0000,45.88,12.727,90.100,11.2,13.786,14.170,0.1779,4.327
803,2012-12-17 05:10:00,0.6,-0.2039,0.0000,44.71,12.775,89.800,11.2,13.786,14.170,0.1779,4.327
804,2012-12-17 05:15:00,0.6,-0.2039,0.0000,44.12,12.703,89.800,11.1,13.786,14.170,0.1779,4.321
805,2012-12-17 05:20:00,0.6,-0.2039,0.0000,46.47,12.654,89.800,11.0,13.786,14.170,0.1775,4.321
806,2012-12-17 05:25:00,0.6,-0.2039,0.0000,47.06,12.582,90.000,11.0,13.786,14.170,0.1779,4.321
807,2012-12-17 05:30:00,0.6,-0.2039,0.0000,45.29,12.606,90.100,11.0,13.762,14.146,0.1779,4.321
808,2012-12-17 05:35:00,0.6,-0.2039,0.0000,44.12,12.534,90.400,11.0,13.762,14.146,0.1779,4.321
809,2012-12-17 05:40:00,0.6,-0.2039,0.0000,46.47,12.485,90.800,11.0,13.762,14.146,0.1783,4.321
810,2012-12-17 05:45:00,0.6,-0.2039,0.0000,45.29,12.485,90.800,11.0,13.762,14.146,0.1779,4.321
811,2012-12-17 05:50:00,0.6,-0.2039,0.0000,43.53,12.606,90.300,11.1,13.762,14.146,0.1779,4.321
812,2012-12-17 05:55:00,0.6,-0.2039,0.0000,43.53,12.775,89.400,11.1,13.762,14.146,0.1779,4.321
813,2012-12-17 06:00:00,0.6,-0.2039,0.0000,42.35,12.775,89.200,11.1,13.762,14.146,0.1783,4.321
814,2012-12-17 06:05:00,0.6,-0.2039,0.0000,43.53,12.727,89.400,11.0,13.762,14.146,0.1789,4.321
815,2012-12-17 06:10:00,0.6,-0.2039,0.0000,45.29,12.654,89.700,11.0,13.762,14.146,0.1779,4.321
816,2012-12-17 06:15:00,0.6,-0.2039,0.0000,44.71,12.582,89.800,11.0,13.762,14.146,0.1779,4.321
817,2012-12-17 06:20:00,0.6,-0.2039,0.0000,45.29,12.461,90.400,10.9,13.762,14.146,0.1779,4.321
818,2012-12-17 06:25:00,0.6,-0.2039,0.0000,45.29,12.558,89.700,10.9,13.738,14.146,0.1779,4.321
819,2012-12-17 06:30:00,0.6,-0.2039,0.0000,42.94,12.654,89.200,10.9,13.738,14.146,0.1779,4.321
820,2012-12-17 06:35:00,0.6,-0.2039,0.0000,42.94,12.751,88.600,10.9,13.738,14.122,0.1779,4.321
821,2012-12-17 06:40:00,0.6,-0.2039,0.0000,42.35,12.678,88.800,10.9,13.738,14.122,0.1779,4.321
822,2012-12-17 06:45:00,0.6,-0.2039,0.0000,41.76,12.703,88.900,10.9,13.714,14.122,0.1779,4.321
823,2012-12-17 06:50:00,0.6,-0.2039,0.0000,38.82,12.751,88.800,11.0,13.714,14.122,0.1779,4.321
824,2012-12-17 06:55:00,1.9,-0.2039,0.0000,36.47,12.871,88.300,11.0,13.690,14.122,0.1789,4.321
825,2012-12-17 07:00:00,4.4,-0.2039,0.0000,38.24,12.896,88.300,11.0,13.690,14.122,0.1783,4.321
826,2012-12-17 07:05:00,6.9,-0.2039,0.0000,31.18,13.161,86.600,11.0,13.690,14.122,0.1789,4.321
827,2012-12-17 07:10:00,11.9,-0.2039,0.0000,28.82,13.281,86.200,11.0,13.714,14.098,0.1783,4.321
828,2012-12-17 07:15:00,18.1,-0.2039,0.0000,30.00,13.185,87.000,11.1,13.714,14.098,0.1783,4.321
829,2012-12-17 07:20:00,24.4,-0.2039,0.0000,27.65,13.137,87.100,11.1,13.714,14.098,0.1783,4.321
830,2012-12-17 07:25:00,26.9,-0.2039,0.0000,24.12,13.233,86.500,11.0,13.714,14.098,0.1779,4.321
831,2012-12-17 07:30:00,31.9,-0.2039,0.0000,24.12,13.305,86.600,11.1,13.738,14.098,0.1783,4.321
832,2012-12-17 07:35:00,40.6,-0.2039,0.0000,20.00,13.377,85.900,11.1,13.762,14.098,0.1779,4.333
833,2012-12-17 07:40:00,45.6,-0.2039,0.0000,17.06,13.522,86.400,11.3,13.762,14.098,0.1783,4.333
834,2012-12-17 07:45:00,49.4,-0.2039,0.0000,15.29,13.690,85.500,11.3,13.786,14.122,0.1779,4.339
835,2012-12-17 07:50:00,48.1,-0.2039,0.0000,12.35,13.810,85.300,11.4,13.810,14.122,0.1779,4.351
836,2012-12-17 07:55:00,46.9,-0.2039,0.0000,11.76,13.834,86.000,11.5,13.834,14.122,0.1789,4.339
837,2012-12-17 08:00:00,48.1,-0.2039,0.0000,11.18,13.906,86.000,11.6,13.882,14.122,0.1789,4.339
838,2012-12-17 08:05:00,48.1,-0.2039,0.0000,10.59,14.002,86.100,11.7,13.930,14.146,0.1789,4.345
839,2012-12-17 08:10:00,48.1,-0.2039,0.0000,10.00,14.074,86.300,11.8,13.954,14.146,0.1793,4.345
840,2012-12-17 08:15:00,58.1,-0.2039,0.0000,8.82,13.978,85.100,11.5,14.002,14.170,0.1789,4.345
841,2012-12-17 08:20:00,58.1,-0.2039,0.0000,7.65,14.074,84.200,11.5,14.050,14.170,0.1789,4.351
842,2012-12-17 08:25:00,60.6,-0.2039,0.0000,6.47,14.194,84.000,11.5,14.098,14.194,0.1783,4.351
843,2012-12-17 08:30:00,61.9,-0.2039,0.0000,5.88,14.314,83.900,11.6,14.122,14.194,0.1789,4.357
844,2012-12-17 08:35:00,59.4,-0.2039,0.0000,5.88,14.385,83.300,11.6,14.170,14.218,0.1789,4.363
845,2012-12-17 08:40:00,65.6,-0.2039,0.0000,5.88,14.337,83.000,11.5,14.194,14.218,0.1783,4.363
846,2012-12-17 08:45:00,80.6,-0.2039,0.0000,4.71,14.409,82.000,11.4,14.242,14.242,0.1783,4.393
847,2012-12-17 08:50:00,93.1,-0.2039,0.0000,4.71,14.457,81.500,11.3,14.266,14.266,0.1789,4.381
848,2012-12-17 08:55:00,106.9,-0.2039,0.0000,4.12,14.649,81.800,11.6,14.314,14.290,0.1789,4.393
849,2012-12-17 09:00:00,123.1,-0.2039,0.0000,4.12,14.792,80.800,11.5,14.361,14.290,0.1789,4.381
850,2012-12-17 09:05:00,129.4,-0.2039,0.0000,3.53,14.840,79.900,11.4,14.385,14.314,0.1789,4.363
851,2012-12-17 09:10:00,123.1,-0.2039,0.0000,3.53,14.840,79.900,11.4,14.433,14.337,0.1789,4.357
852,2012-12-17 09:15:00,129.4,-0.2039,0.0000,3.53,15.055,78.900,11.4,14.505,14.337,0.1783,4.393
853,2012-12-17 09:20:00,138.1,-0.2039,0.0000,3.53,15.103,79.900,11.7,14.553,14.361,0.1783,4.400
854,2012-12-17 09:25:00,144.4,-0.2039,0.0000,3.53,15.127,80.600,11.8,14.625,14.385,0.1789,4.381
855,2012-12-17 09:30:00,136.9,-0.2039,0.0000,2.94,15.199,78.600,11.5,14.673,14.409,0.1783,4.363
856,2012-12-17 09:35:00,145.6,-0.2039,0.0000,2.94,15.175,78.600,11.5,14.745,14.433,0.1789,4.363
857,2012-12-17 09:40:00,169.4,-0.2039,0.0000,2.94,15.270,78.300,11.5,14.816,14.481,0.1783,4.418
858,2012-12-17 09:45:00,155.6,-0.2039,0.0000,2.94,15.509,78.800,11.9,14.888,14.505,0.1789,4.393
859,2012-12-17 09:50:00,156.9,-0.2039,0.0000,2.94,15.342,78.600,11.7,14.960,14.529,0.1789,4.375
860,2012-12-17 09:55:00,173.1,-0.2039,0.0000,2.94,15.390,77.800,11.6,15.031,14.553,0.1789,4.363
861,2012-12-17 10:00:00,188.1,-0.2039,0.0000,2.94,15.509,76.600,11.4,15.079,14.577,0.1789,4.363
862,2012-12-17 10:05:00,198.1,-0.2039,0.0000,2.94,15.748,77.200,11.8,15.151,14.625,0.1793,4.412
863,2012-12-17 10:10:00,210.6,-0.2039,0.0000,2.94,15.891,76.800,11.8,15.223,14.649,0.1793,4.381
864,2012-12-17 10:15:00,218.1,-0.2039,0.0000,2.94,15.748,76.000,11.5,15.294,14.673,0.1793,4.363
865,2012-12-17 10:20:00,239.4,-0.2039,0.0000,2.94,15.843,75.900,11.6,15.390,14.721,0.1793,4.363
866,2012-12-17 10:25:00,233.1,-0.2039,0.0000,2.35,16.320,76.300,12.2,15.461,14.745,0.1793,4.393
867,2012-12-17 10:30:00,244.4,-0.2039,0.0000,2.94,16.344,75.600,12.0,15.557,14.792,0.1789,4.381
868,2012-12-17 10:35:00,249.4,-0.2039,0.0000,2.94,17.153,72.500,12.2,15.676,14.840,0.1789,4.363
869,2012-12-17 10:40:00,246.9,-0.2039,0.0000,2.94,16.963,75.100,12.5,15.772,14.864,0.1789,4.393
870,2012-12-17 10:45:00,255.6,-0.2039,0.0000,2.94,16.987,74.300,12.4,15.891,14.936,0.1793,4.357
871,2012-12-17 10:50:00,244.4,-0.2039,0.0000,2.35,16.654,73.800,12.0,16.010,14.984,0.1793,4.387
872,2012-12-17 10:55:00,229.4,-0.2039,0.0000,2.35,16.677,73.800,12.0,16.129,15.031,0.1793,4.369
873,2012-12-17 11:00:00,228.1,-0.2039,0.0000,2.35,16.606,74.300,12.0,16.249,15.079,0.1793,4.363
874,2012-12-17 11:05:00,251.9,-0.2039,0.0000,2.35,16.630,73.100,11.8,16.344,15.127,0.1793,4.357
875,2012-12-17 11:10:00,263.1,-0.2039,0.0000,2.35,17.177,73.200,12.4,16.439,15.199,0.1793,4.393
876,2012-12-17 11:15:00,264.4,-0.2039,0.0000,2.94,17.605,71.200,12.3,16.534,15.247,0.1793,4.375
877,2012-12-17 11:20:00,221.9,-0.2039,0.0000,2.35,16.892,70.400,11.5,16.606,15.294,0.1793,4.363
878,2012-12-17 11:25:00,326.9,-0.2039,0.0000,2.35,16.987,70.500,11.6,16.701,15.342,0.1813,4.363
879,2012-12-17 11:30:00,663.1,-0.2039,0.0000,3.53,18.414,68.900,12.6,16.773,15.390,0.1816,4.400
880,2012-12-17 11:35:00,673.1,-0.2039,0.0000,2.94,19.032,63.700,12.0,16.868,15.438,0.1816,4.369
881,2012-12-17 11:40:00,271.9,-0.2039,0.0000,2.35,18.010,63.900,11.1,17.011,15.485,0.1816,4.393
882,2012-12-17 11:45:00,244.4,-0.2039,0.0000,2.35,17.962,64.800,11.3,17.201,15.557,0.1816,4.357
883,2012-12-17 11:50:00,221.9,-0.2039,0.0000,2.35,17.605,65.400,11.1,17.368,15.629,0.1816,4.393
884,2012-12-17 11:55:00,231.9,-0.2039,0.0000,2.35,17.605,65.000,11.0,17.486,15.700,0.1807,4.393
885,2012-12-17 12:00:00,233.1,-0.2039,0.0000,2.35,17.867,64.900,11.2,17.534,15.772,0.1813,4.369
886,2012-12-17 12:05:00,175.6,-0.2039,0.0000,1.76,17.272,65.400,10.7,17.582,15.819,0.1813,4.363
887,2012-12-17 12:10:00,203.1,-0.2039,0.0000,1.76,17.153,65.500,10.7,17.558,15.867,0.1813,4.363
888,2012-12-17 12:15:00,210.6,-0.2039,0.0000,1.76,17.153,66.200,10.8,17.558,15.915,0.1813,4.393
889,2012-12-17 12:20:00,164.4,-0.2039,0.0000,1.76,17.415,64.600,10.7,17.510,15.939,0.1813,4.381
890,2012-12-17 12:25:00,160.6,-0.2039,0.0000,1.76,17.225,66.200,10.9,17.486,15.963,0.1813,4.363
891,2012-12-17 12:30:00,144.4,-0.2039,0.0000,1.76,17.486,66.500,11.2,17.463,15.986,0.1813,4.363
892,2012-12-17 12:35:00,135.6,-0.2039,0.0000,1.76,17.296,65.000,10.7,17.415,16.010,0.1816,4.369
893,2012-12-17 12:40:00,164.4,-0.2039,0.0000,1.76,17.629,68.300,11.7,17.368,16.034,0.1816,4.387
894,2012-12-17 12:45:00,159.4,-0.2039,0.0000,1.76,17.938,65.800,11.5,17.320,16.034,0.1816,4.393
895,2012-12-17 12:50:00,144.4,-0.2039,0.0000,1.76,17.439,65.200,10.9,17.272,16.058,0.1813,4.363
896,2012-12-17 12:55:00,135.6,-0.2039,0.0000,1.76,17.582,64.600,10.9,17.225,16.058,0.1816,4.363
897,2012-12-17 13:00:00,131.9,-0.2039,0.0000,1.76,17.368,65.300,10.8,17.177,16.058,0.1813,4.393
898,2012-12-17 13:05:00,120.6,-0.2039,0.0000,1.76,17.082,65.700,10.6,17.153,16.058,0.1816,4.381
899,2012-12-17 13:10:00,110.6,-0.2039,0.0000,1.76,17.249,66.100,10.9,17.106,16.058,0.1813,4.363
900,2012-12-17 13:15:00,106.9,-0.2039,0.0000,1.76,17.320,65.000,10.7,17.058,16.058,0.1813,4.363
901,2012-12-17 13:20:00,110.6,-0.2039,0.0000,1.76,17.106,65.900,10.7,17.011,16.058,0.1813,4.363
902,2012-12-17 13:25:00,113.1,-0.2039,0.0000,1.76,17.082,65.400,10.6,16.963,16.058,0.1813,4.393
903,2012-12-17 13:30:00,115.6,-0.2039,0.0000,1.76,17.082,66.700,10.9,16.915,16.058,0.1807,4.375
